player_id,player_name,team,games_played,minutes,ppg,rpg,apg,ts_pct,availability_pct,season
201942,DeMar DeRozan,CHI,79,37.8,24.0,4.3,5.3,0.584,96.3,2023-24
1630178,Tyrese Maxey,PHI,70,37.5,25.9,3.7,6.2,0.573,85.4,2023-24
1629029,Luka Dončić,DAL,70,37.5,33.9,9.2,9.8,0.617,85.4,2023-24
1628970,Miles Bridges,CHA,69,37.4,21.0,7.3,3.3,0.556,84.1,2023-24
201142,Kevin Durant,PHX,75,37.2,27.1,6.6,5.0,0.626,91.5,2023-24
1627832,Fred VanVleet,HOU,73,36.8,17.4,3.8,8.1,0.568,89.0,2023-24
1629632,Coby White,CHI,79,36.5,19.1,4.5,5.1,0.57,96.3,2023-24
1629027,Trae Young,ATL,54,36.0,25.7,2.8,10.8,0.585,65.9,2023-24
1626164,Devin Booker,PHX,68,36.0,27.1,4.5,6.9,0.611,82.9,2023-24
1628368,De'Aaron Fox,SAC,74,35.9,26.6,4.6,5.6,0.567,90.2,2023-24
1628369,Jayson Tatum,BOS,74,35.7,26.9,8.1,4.9,0.604,90.2,2023-24
1627734,Domantas Sabonis,SAC,82,35.7,19.4,13.7,8.2,0.637,100.0,2023-24
1627749,Dejounte Murray,ATL,78,35.7,22.5,5.3,6.4,0.555,95.1,2023-24
203076,Anthony Davis,LAL,76,35.5,24.7,12.6,3.5,0.621,92.7,2023-24
1628973,Jalen Brunson,NYK,77,35.4,28.7,3.6,6.7,0.592,93.9,2023-24
203944,Julius Randle,NYK,46,35.4,24.0,9.2,5.0,0.569,56.1,2023-24
1628378,Donovan Mitchell,CLE,55,35.3,26.6,5.1,6.1,0.595,67.1,2023-24
1629630,Ja Morant,MEM,9,35.3,25.1,5.6,8.1,0.57,11.0,2023-24
2544,LeBron James,LAL,71,35.3,25.7,7.3,8.3,0.63,86.6,2023-24
203081,Damian Lillard,MIL,73,35.3,24.3,4.4,7.0,0.59,89.0,2023-24
203507,Giannis Antetokounmpo,MIL,73,35.2,30.4,11.5,6.5,0.649,89.0,2023-24
1630162,Anthony Edwards,MIN,79,35.1,25.9,5.4,5.1,0.575,96.3,2023-24
202681,Kyrie Irving,DAL,58,35.0,25.6,5.0,5.2,0.608,70.7,2023-24
1631094,Paolo Banchero,ORL,80,35.0,22.6,6.9,5.4,0.546,97.6,2023-24
203897,Zach LaVine,CHI,25,34.9,19.5,5.2,3.9,0.578,30.5,2023-24
1630567,Scottie Barnes,TOR,60,34.9,19.9,8.2,6.1,0.566,73.2,2023-24
1628969,Mikal Bridges,BKN,82,34.8,19.6,4.5,3.6,0.56,100.0,2023-24
203999,Nikola Jokić,DEN,79,34.6,26.4,12.4,9.0,0.65,96.3,2023-24
1630217,Desmond Bane,MEM,42,34.4,23.7,4.4,5.5,0.589,51.2,2023-24
1629014,Anfernee Simons,POR,46,34.4,22.6,3.6,5.5,0.568,56.1,2023-24
202696,Nikola Vučević,CHI,76,34.3,18.0,10.5,3.3,0.54,92.7,2023-24
202695,Kawhi Leonard,LAC,68,34.3,23.7,6.1,3.6,0.626,82.9,2023-24
201935,James Harden,LAC,72,34.3,16.6,5.1,8.5,0.612,87.8,2023-24
203497,Rudy Gobert,MIN,76,34.1,14.0,12.9,1.3,0.675,92.7,2023-24
1628384,OG Anunoby,NYK,50,34.0,14.7,4.2,2.1,0.595,32.9,2023-24
1628983,Shai Gilgeous-Alexander,OKC,75,34.0,30.1,5.5,6.2,0.636,91.5,2023-24
202710,Jimmy Butler III,MIA,60,34.0,20.8,5.3,5.0,0.626,,2023-24
1628389,Bam Adebayo,MIA,71,34.0,19.3,10.4,3.9,0.576,86.6,2023-24
203924,Jerami Grant,POR,54,33.9,21.0,3.5,2.8,0.573,65.9,2023-24
202331,Paul George,LAC,74,33.8,22.6,5.2,3.5,0.613,90.2,2023-24
202699,Tobias Harris,PHI,70,33.8,17.2,6.5,3.1,0.576,85.4,2023-24
1630552,Jalen Johnson,ATL,56,33.7,16.0,8.7,3.6,0.584,68.3,2023-24
1631099,Keegan Murray,SAC,77,33.6,15.2,5.5,1.7,0.569,93.9,2023-24
203954,Joel Embiid,PHI,39,33.6,34.7,11.0,5.6,0.644,47.6,2023-24
1628960,Grayson Allen,PHX,75,33.5,13.5,3.9,3.0,0.679,91.5,2023-24
1627759,Jaylen Brown,BOS,70,33.5,23.0,5.5,3.6,0.58,85.4,2023-24
1630595,Cade Cunningham,DET,62,33.5,22.7,4.3,7.5,0.546,75.6,2023-24
1629639,Tyler Herro,MIA,42,33.5,20.8,5.3,4.5,0.558,51.2,2023-24
1626179,Terry Rozier,MIA,61,33.4,19.8,4.0,5.6,0.555,37.8,2023-24
1628404,Josh Hart,NYK,81,33.4,9.4,8.3,4.1,0.522,98.8,2023-24
203078,Bradley Beal,PHX,53,33.3,18.2,4.4,5.0,0.607,64.6,2023-24
1629636,Darius Garland,CLE,57,33.3,18.0,2.7,6.5,0.56,69.5,2023-24
1627783,Pascal Siakam,IND,80,33.2,21.7,7.1,4.3,0.601,50.0,2023-24
1631101,Shaedon Sharpe,POR,32,33.1,15.9,5.0,2.9,0.524,39.0,2023-24
1628374,Lauri Markkanen,UTA,55,33.1,23.2,8.2,2.0,0.631,67.1,2023-24
1630170,Devin Vassell,SAS,68,33.1,19.5,3.8,4.1,0.578,82.9,2023-24
1627742,Brandon Ingram,NOP,64,32.9,20.8,5.1,5.7,0.578,78.0,2023-24
201950,Jrue Holiday,BOS,69,32.8,12.5,5.4,4.8,0.597,84.1,2023-24
1630180,Saddiq Bey,ATL,63,32.7,13.7,6.5,1.5,0.549,76.8,2023-24
203468,CJ McCollum,NOP,66,32.7,20.0,4.3,4.6,0.592,80.5,2023-24
1626156,D'Angelo Russell,LAL,76,32.7,18.0,3.1,6.3,0.588,92.7,2023-24
201939,Stephen Curry,GSW,74,32.7,26.4,4.5,5.1,0.616,90.2,2023-24
1626157,Karl-Anthony Towns,MIN,62,32.7,21.8,8.3,3.0,0.625,75.6,2023-24
1628398,Kyle Kuzma,WAS,70,32.6,22.2,6.6,4.2,0.547,85.4,2023-24
1628401,Derrick White,BOS,73,32.6,15.2,4.2,5.2,0.611,89.0,2023-24
1630532,Franz Wagner,ORL,72,32.5,19.7,5.3,3.7,0.575,87.8,2023-24
1630578,Alperen Sengun,HOU,63,32.5,21.1,9.3,5.0,0.585,,2023-24
1629028,Deandre Ayton,POR,55,32.4,16.7,11.1,1.6,0.587,67.1,2023-24
1630163,LaMelo Ball,CHA,22,32.3,23.9,5.1,8.0,0.561,26.8,2023-24
1641706,Brandon Miller,CHA,74,32.2,17.3,4.3,2.4,0.552,90.2,2023-24
1628991,Jaren Jackson Jr.,MEM,66,32.2,22.5,5.5,2.3,0.553,80.5,2023-24
1630169,Tyrese Haliburton,IND,69,32.2,20.1,3.9,10.9,0.605,84.1,2023-24
1630559,Austin Reaves,LAL,82,32.1,15.9,4.3,5.5,0.613,100.0,2023-24
1629622,Max Strus,CLE,70,32.0,12.2,4.8,4.0,0.553,85.4,2023-24
1631095,Jabari Smith Jr.,HOU,76,31.9,13.7,8.1,1.6,0.571,92.7,2023-24
1629628,RJ Barrett,TOR,58,31.7,20.2,5.4,3.3,0.58,39.0,2023-24
1630224,Jalen Green,HOU,82,31.7,19.6,5.2,3.5,0.541,100.0,2023-24
1629008,Michael Porter Jr.,DEN,81,31.7,16.7,7.0,1.5,0.601,98.8,2023-24
1628386,Jarrett Allen,CLE,77,31.7,16.5,10.5,2.7,0.664,93.9,2023-24
203484,Kentavious Caldwell-Pope,DEN,76,31.6,10.1,2.4,2.4,0.602,92.7,2023-24
1627750,Jamal Murray,DEN,59,31.5,21.2,4.1,6.5,0.586,72.0,2023-24
203932,Aaron Gordon,DEN,73,31.5,13.9,6.5,3.5,0.607,89.0,2023-24
1629627,Zion Williamson,NOP,70,31.5,22.9,5.8,5.0,0.61,85.4,2023-24
1630560,Cam Thomas,BKN,66,31.4,22.5,3.2,2.9,0.554,80.5,2023-24
1631114,Jalen Williams,OKC,71,31.3,19.1,4.0,4.5,0.621,86.6,2023-24
203471,Dennis Schröder,BKN,80,31.1,14.0,3.0,6.1,0.55,62.2,2023-24
1630191,Isaiah Stewart,DET,46,30.9,10.9,6.6,1.6,0.6,56.1,2023-24
1628415,Dillon Brooks,HOU,72,30.9,12.7,3.4,1.7,0.549,87.8,2023-24
203903,Jordan Clarkson,UTA,55,30.6,17.1,3.4,5.0,0.521,67.1,2023-24
1630596,Evan Mobley,CLE,50,30.6,15.7,9.4,3.2,0.626,61.0,2023-24
1630529,Herbert Jones,NOP,76,30.5,11.0,3.6,2.6,0.636,92.7,2023-24
201572,Brook Lopez,MIL,79,30.5,12.5,5.2,1.6,0.608,96.3,2023-24
1629023,P.J. Washington,DAL,73,30.4,12.9,5.6,1.9,0.537,53.7,2023-24
203992,Bogdan Bogdanović,ATL,79,30.4,16.9,3.4,3.1,0.569,96.3,2023-24
203935,Marcus Smart,MEM,20,30.2,14.5,2.7,4.3,0.552,24.4,2023-24
1626162,Kelly Oubre Jr.,PHI,68,30.2,15.4,5.0,1.5,0.535,82.9,2023-24
1630166,Deni Avdija,WAS,75,30.1,14.7,7.2,3.8,0.597,91.5,2023-24
1629673,Jordan Poole,WAS,78,30.1,17.4,2.7,4.4,0.529,95.1,2023-24
1629651,Nic Claxton,BKN,71,29.8,11.8,9.9,2.1,0.629,86.6,2023-24
1641705,Victor Wembanyama,SAS,71,29.7,21.4,10.6,3.9,0.565,86.6,2023-24
1630530,Trey Murphy III,NOP,57,29.7,14.8,4.9,2.2,0.612,69.5,2023-24
202691,Klay Thompson,GSW,77,29.7,17.9,3.3,2.3,0.576,93.9,2023-24
1627736,Malik Beasley,MIL,79,29.6,11.3,3.7,1.4,0.603,96.3,2023-24
1631110,Jeremy Sochan,SAS,74,29.6,11.6,6.4,3.4,0.513,90.2,2023-24
204001,Kristaps Porziņģis,BOS,57,29.6,20.1,7.2,2.0,0.647,69.5,2023-24
1629631,De'Andre Hunter,ATL,57,29.5,15.6,3.9,1.5,0.595,69.5,2023-24
1629640,Keldon Johnson,SAS,69,29.5,15.7,5.5,2.8,0.565,84.1,2023-24
1631096,Chet Holmgren,OKC,82,29.4,16.5,7.9,2.4,0.632,100.0,2023-24
1626145,Tyus Jones,WAS,66,29.3,12.0,2.7,7.3,0.578,80.5,2023-24
1630193,Immanuel Quickley,TOR,68,29.2,17.0,3.8,4.9,0.577,46.3,2023-24
1630183,Jaden McDaniels,MIN,72,29.2,10.5,3.1,1.4,0.571,87.8,2023-24
1630245,Ayo Dosunmu,CHI,76,29.1,12.2,2.8,3.2,0.604,92.7,2023-24
1628978,Donte DiVincenzo,NYK,81,29.1,15.5,3.7,2.7,0.597,98.8,2023-24
1631105,Jalen Duren,DET,61,29.1,13.8,11.6,2.4,0.653,74.4,2023-24
203084,Harrison Barnes,SAC,82,29.0,12.2,3.0,1.2,0.611,100.0,2023-24
201144,Mike Conley,MIN,76,28.9,11.4,2.9,5.9,0.627,92.7,2023-24
1631093,Jaden Ivey,DET,77,28.8,15.4,3.4,3.8,0.536,93.9,2023-24
1627747,Caris LeVert,CLE,68,28.8,14.0,4.1,5.1,0.524,82.9,2023-24
1627936,Alex Caruso,CHI,71,28.7,10.1,3.8,3.5,0.613,86.6,2023-24
1627763,Malcolm Brogdon,POR,39,28.7,15.7,3.8,5.5,0.56,47.6,2023-24
1630703,Scoot Henderson,POR,62,28.5,14.0,3.1,5.4,0.489,75.6,2023-24
1629652,Luguentz Dort,OKC,79,28.4,10.9,3.6,1.4,0.593,96.3,2023-24
1627827,Dorian Finney-Smith,BKN,68,28.4,8.5,4.7,1.6,0.546,82.9,2023-24
203915,Spencer Dinwiddie,LAL,76,28.3,10.5,2.7,4.7,0.543,58.5,2023-24
1631170,Jaime Jaquez Jr.,MIA,75,28.2,11.9,3.8,2.6,0.574,91.5,2023-24
200768,Kyle Lowry,PHI,60,28.2,8.1,3.2,4.2,0.594,45.1,2023-24
1629018,Gary Trent Jr.,TOR,71,28.1,13.7,2.6,1.7,0.548,86.6,2023-24
1629684,Grant Williams,CHA,76,28.0,10.3,4.2,2.3,0.588,57.3,2023-24
1628381,John Collins,UTA,68,28.0,15.1,8.5,1.1,0.621,82.9,2023-24
1629130,Duncan Robinson,MIA,68,28.0,12.9,2.5,2.8,0.612,82.9,2023-24
1628971,Bruce Brown,TOR,67,27.8,10.8,4.2,2.9,0.563,41.5,2023-24
201569,Eric Gordon,PHX,68,27.8,11.0,1.8,2.0,0.58,82.9,2023-24
1630200,Tre Jones,SAS,77,27.8,10.0,3.8,6.2,0.591,93.9,2023-24
1630174,Aaron Nesmith,IND,72,27.7,12.2,3.8,1.5,0.631,87.8,2023-24
1629661,Cameron Johnson,BKN,58,27.6,13.4,4.3,2.4,0.582,70.7,2023-24
1631246,Vince Williams Jr.,MEM,52,27.6,10.0,5.6,3.4,0.597,63.4,2023-24
1628997,Caleb Martin,MIA,64,27.4,10.0,4.4,2.2,0.531,78.0,2023-24
203994,Jusuf Nurkić,PHX,76,27.3,10.9,11.0,4.0,0.559,92.7,2023-24
1630171,Isaac Okoro,CLE,69,27.3,9.4,3.0,1.9,0.599,84.1,2023-24
1630172,Patrick Williams,CHI,43,27.3,10.0,3.9,1.5,0.553,52.4,2023-24
1641731,Bilal Coulibaly,WAS,63,27.2,8.4,4.1,1.7,0.543,76.8,2023-24
203110,Draymond Green,GSW,55,27.1,8.6,7.2,6.0,0.587,67.1,2023-24
203114,Khris Middleton,MIL,55,27.0,15.1,4.7,5.3,0.595,67.1,2023-24
203952,Andrew Wiggins,GSW,71,27.0,13.2,4.5,1.7,0.544,86.6,2023-24
1641718,Keyonte George,UTA,75,27.0,13.0,2.8,4.4,0.533,91.5,2023-24
1626167,Myles Turner,IND,77,27.0,17.1,6.9,1.3,0.626,93.9,2023-24
1627752,Taurean Prince,LAL,78,27.0,8.9,2.9,1.5,0.579,95.1,2023-24
1630591,Jalen Suggs,ORL,75,27.0,12.6,3.1,2.7,0.602,91.5,2023-24
1628998,Cody Martin,CHA,28,26.9,7.5,3.9,3.7,0.46,34.1,2023-24
1629001,De'Anthony Melton,PHI,38,26.9,11.1,3.7,3.0,0.533,46.3,2023-24
1629060,Rui Hachimura,LAL,68,26.8,13.6,4.3,1.2,0.628,82.9,2023-24
1631109,Mark Williams,CHA,19,26.8,12.7,9.7,1.2,0.675,23.2,2023-24
203501,Tim Hardaway Jr.,DAL,79,26.8,14.4,3.2,1.8,0.542,96.3,2023-24
201143,Al Horford,BOS,65,26.8,8.6,6.4,2.6,0.65,79.3,2023-24
1629012,Collin Sexton,UTA,78,26.6,18.7,2.6,4.9,0.607,95.1,2023-24
1641764,Brandin Podziemski,GSW,74,26.6,9.2,5.8,3.7,0.54,90.2,2023-24
1630583,Santi Aldama,MEM,61,26.5,10.7,5.8,2.3,0.539,74.4,2023-24
101108,Chris Paul,GSW,58,26.4,9.2,3.9,6.8,0.544,70.7,2023-24
1630182,Josh Green,DAL,57,26.4,8.2,3.2,2.3,0.588,69.5,2023-24
1627826,Ivica Zubac,LAC,68,26.4,11.7,9.2,1.4,0.671,82.9,2023-24
1627751,Jakob Poeltl,TOR,50,26.4,11.1,8.6,2.5,0.653,61.0,2023-24
1630228,Jonathan Kuminga,GSW,74,26.3,16.1,4.8,2.2,0.598,90.2,2023-24
1626181,Norman Powell,LAC,76,26.2,13.9,2.6,1.1,0.626,92.7,2023-24
1630208,Nick Richards,CHA,67,26.2,9.7,8.0,0.8,0.717,81.7,2023-24
1631097,Bennedict Mathurin,IND,59,26.1,14.5,4.0,2.0,0.562,72.0,2023-24
1628370,Malik Monk,SAC,72,26.0,15.4,2.9,5.1,0.564,87.8,2023-24
202711,Bojan Bogdanovic,NYK,57,25.9,15.2,2.7,1.7,0.581,,2023-24
1630557,Corey Kispert,WAS,80,25.8,13.4,2.8,2.0,0.62,97.6,2023-24
203991,Clint Capela,ATL,73,25.8,11.5,10.6,1.2,0.59,89.0,2023-24
1627741,Buddy Hield,PHI,84,25.7,12.1,3.2,2.8,0.578,63.4,2023-24
1641713,GG Jackson,MEM,48,25.7,14.6,4.1,1.2,0.554,,2023-24
1626196,Josh Richardson,MIA,43,25.6,9.9,2.8,2.4,0.573,52.4,2023-24
1628379,Luke Kennard,MEM,39,25.6,11.0,2.9,3.5,0.641,47.6,2023-24
1628976,Wendell Carter Jr.,ORL,55,25.6,11.0,6.9,1.7,0.623,67.1,2023-24
1629750,Javonte Green,CHI,9,25.6,12.2,7.4,0.6,0.681,11.0,2023-24
1630168,Onyeka Okongwu,ATL,55,25.5,10.2,6.8,1.3,0.674,67.1,2023-24
201587,Nicolas Batum,PHI,60,25.5,5.3,4.1,2.1,0.603,69.5,2023-24
1628392,Isaiah Hartenstein,NYK,75,25.3,7.8,8.3,2.5,0.67,91.5,2023-24
1630581,Josh Giddey,OKC,80,25.1,12.3,6.4,4.8,0.547,97.6,2023-24
1630590,Scotty Pippen Jr.,MEM,21,25.1,12.9,3.2,4.7,0.596,25.6,2023-24
1641709,Ausar Thompson,DET,63,25.1,8.8,6.4,1.9,0.522,76.8,2023-24
1641851,Timmy Allen,MEM,5,25.1,2.6,3.4,1.0,0.272,6.1,2023-24
1629614,Andrew Nembhard,IND,68,25.0,9.2,2.1,4.1,0.573,82.9,2023-24
1629611,Terance Mann,LAC,75,25.0,8.8,3.4,1.6,0.615,91.5,2023-24
1631323,Simone Fontecchio,DET,66,24.9,10.5,3.7,1.5,0.6,61.0,2023-24
1641739,Toumani Camara,POR,70,24.8,7.5,4.9,1.2,0.547,85.4,2023-24
1629011,Mitchell Robinson,NYK,31,24.8,5.6,8.5,0.6,0.554,37.8,2023-24
1626220,Royce O'Neale,PHX,79,24.7,7.7,4.8,2.8,0.548,59.8,2023-24
1630249,Vít Krejčí,ATL,22,24.6,6.1,2.4,2.3,0.633,26.8,2023-24
1629655,Daniel Gafford,DAL,74,24.5,11.0,7.6,1.6,0.731,54.9,2023-24
1626171,Bobby Portis,MIL,82,24.5,13.8,7.4,1.3,0.581,100.0,2023-24
1628989,Kevin Huerter,SAC,64,24.4,10.2,3.5,2.6,0.564,78.0,2023-24
202330,Gordon Hayward,OKC,51,24.4,9.8,3.5,3.1,0.548,31.7,2023-24
1629675,Naz Reid,MIN,81,24.2,13.5,5.2,1.3,0.595,98.8,2023-24
1630544,Tre Mann,CHA,41,24.1,9.3,3.6,4.0,0.559,34.1,2023-24
203914,Gary Harris,ORL,54,24.0,6.9,1.7,1.6,0.587,65.9,2023-24
1630165,Killian Hayes,DET,42,24.0,6.9,2.8,4.9,0.474,51.2,2023-24
1627732,Ben Simmons,BKN,15,23.9,6.1,7.9,5.7,0.571,18.3,2023-24
1631133,Jabari Walker,POR,72,23.6,8.9,7.1,1.0,0.546,87.8,2023-24
1627884,Derrick Jones Jr.,DAL,76,23.5,8.6,3.3,1.0,0.592,92.7,2023-24
1641726,Dereck Lively II,DAL,55,23.5,8.8,6.9,1.1,0.728,67.1,2023-24
202685,Jonas Valančiūnas,NOP,82,23.5,12.2,8.8,2.1,0.619,100.0,2023-24
1629638,Nickeil Alexander-Walker,MIN,82,23.4,8.0,2.0,2.5,0.578,100.0,2023-24
1631117,Walker Kessler,UTA,64,23.3,8.1,7.5,0.9,0.663,78.0,2023-24
203109,Jae Crowder,MIL,50,23.1,6.2,3.2,1.3,0.546,61.0,2023-24
1630285,Zavier Simpson,DET,7,23.1,6.0,2.9,3.6,0.377,8.5,2023-24
1641998,Trey Jemison III,MEM,25,23.0,6.8,5.4,1.1,0.582,,2023-24
1631222,Jake LaRavia,MEM,35,23.0,10.8,3.7,1.7,0.54,42.7,2023-24
1629680,Matisse Thybulle,POR,65,22.9,5.4,2.1,1.4,0.537,79.3,2023-24
203937,Kyle Anderson,MIN,79,22.6,6.4,3.5,4.2,0.513,96.3,2023-24
201566,Russell Westbrook,LAC,68,22.5,11.1,5.0,4.5,0.514,82.9,2023-24
203482,Kelly Olynyk,TOR,78,22.5,9.8,5.3,4.4,0.661,61.0,2023-24
1641708,Amen Thompson,HOU,62,22.4,9.5,6.6,2.6,0.576,75.6,2023-24
1629634,Brandon Clarke,MEM,6,22.4,11.3,5.3,1.5,0.548,7.3,2023-24
1630175,Cole Anthony,ORL,81,22.4,11.6,3.8,2.9,0.545,98.8,2023-24
1630700,Dyson Daniels,NOP,61,22.3,5.8,3.9,2.7,0.529,74.4,2023-24
1630202,Payton Pritchard,BOS,82,22.3,9.6,3.2,3.4,0.597,100.0,2023-24
1627777,Georges Niang,CLE,82,22.3,9.4,3.4,1.2,0.583,100.0,2023-24
202704,Reggie Jackson,DEN,82,22.2,10.2,1.9,3.8,0.521,100.0,2023-24
1626192,Pat Connaughton,MIL,76,22.1,5.6,3.1,2.1,0.574,92.7,2023-24
1628380,Zach Collins,SAS,69,22.1,11.2,5.4,2.8,0.565,84.1,2023-24
1630573,Sam Hauser,BOS,79,22.0,9.0,3.5,1.0,0.629,96.3,2023-24
1630173,Precious Achiuwa,NYK,74,21.9,7.6,6.6,1.3,0.545,59.8,2023-24
1631106,Tari Eason,HOU,22,21.8,9.8,7.0,1.2,0.528,26.8,2023-24
1631200,Kris Murray,POR,62,21.7,6.1,3.6,1.3,0.481,75.6,2023-24
1641787,Tosan Evbuomwan,DET,17,21.6,5.9,3.5,0.9,0.616,15.9,2023-24
1641707,Taylor Hendricks,UTA,40,21.4,7.3,4.6,0.8,0.578,48.8,2023-24
1631103,Malaki Branham,SAS,75,21.3,9.2,2.0,2.1,0.526,91.5,2023-24
1629723,John Konchar,MEM,55,21.3,4.3,4.7,2.0,0.537,67.1,2023-24
1628365,Markelle Fultz,ORL,43,21.2,7.8,3.2,2.8,0.492,52.4,2023-24
1641711,Gradey Dick,TOR,60,21.1,8.5,2.2,1.1,0.546,73.2,2023-24
1628963,Marvin Bagley III,WAS,50,21.1,11.7,6.2,1.1,0.629,31.7,2023-24
1630167,Obi Toppin,IND,82,21.1,10.3,3.9,1.6,0.677,100.0,2023-24
1630534,Ochai Agbaji,TOR,78,21.0,5.8,2.8,1.1,0.497,62.2,2023-24
1629599,Amir Coffey,LAC,70,20.9,6.6,2.1,1.1,0.604,85.4,2023-24
1629312,Haywood Highsmith,MIA,66,20.7,6.1,3.2,1.1,0.587,80.5,2023-24
1641717,Cason Wallace,OKC,82,20.6,6.8,2.3,1.5,0.612,100.0,2023-24
1629629,Cam Reddish,LAL,48,20.5,5.4,2.1,1.0,0.504,58.5,2023-24
1629731,Dean Wade,CLE,54,20.5,5.4,4.0,0.8,0.598,65.9,2023-24
1630587,Isaiah Livers,DET,23,20.4,5.0,2.1,1.1,0.46,28.0,2023-24
1630533,Ziaire Williams,MEM,51,20.3,8.2,3.5,1.5,0.511,62.2,2023-24
1628467,Maxi Kleber,DAL,43,20.3,4.4,3.3,1.6,0.573,52.4,2023-24
1631128,Christian Braun,DEN,82,20.2,7.3,3.7,1.6,0.554,100.0,2023-24
1629656,Quentin Grimes,DET,51,20.1,7.0,2.0,1.3,0.516,54.9,2023-24
1626168,Trey Lyles,SAC,58,20.0,7.2,4.4,1.2,0.596,70.7,2023-24
201976,Patrick Beverley,MIL,73,20.0,6.2,3.3,2.9,0.539,57.3,2023-24
1629020,Jarred Vanderbilt,LAL,29,20.0,5.2,4.8,1.2,0.578,35.4,2023-24
1626204,Larry Nance Jr.,NOP,61,19.9,5.7,5.0,1.9,0.653,74.4,2023-24
1630577,Julian Champagnie,SAS,74,19.8,6.8,2.8,1.4,0.57,90.2,2023-24
1629057,Robert Williams III,POR,6,19.8,6.8,6.3,0.8,0.684,,2023-24
202687,Bismack Biyombo,OKC,40,19.8,4.4,5.2,1.3,0.562,36.6,2023-24
1628470,Torrey Craig,CHI,53,19.8,5.7,4.1,1.1,0.568,64.6,2023-24
203957,Dante Exum,DAL,55,19.8,7.8,2.7,2.9,0.645,,2023-24
1629659,Talen Horton-Tucker,UTA,51,19.8,10.1,2.4,3.5,0.503,62.2,2023-24
1629216,Gabe Vincent,LAL,11,19.8,3.1,0.8,1.9,0.341,13.4,2023-24
203995,Vasilije Micic,CHA,60,19.6,7.0,1.5,4.4,0.524,,2023-24
1630540,Miles McBride,NYK,68,19.5,8.3,1.5,1.7,0.59,82.9,2023-24
1631107,Nikola Jović,MIA,46,19.5,7.7,4.2,2.0,0.583,56.1,2023-24
1630625,Dalano Banton,POR,54,19.4,10.3,3.3,2.4,0.504,36.6,2023-24
1630194,Paul Reed,PHI,82,19.4,7.3,6.0,1.3,0.58,100.0,2023-24
1630230,Naji Marshall,NOP,66,19.0,7.1,3.6,1.9,0.576,80.5,2023-24
1631204,Marcus Sasser,DET,71,19.0,8.3,1.8,3.3,0.542,86.6,2023-24
1627739,Kris Dunn,UTA,66,18.9,5.4,2.9,3.8,0.546,80.5,2023-24
1628372,Dennis Smith Jr.,BKN,56,18.9,6.6,2.9,3.6,0.508,68.3,2023-24
1641715,Cam Whitmore,HOU,47,18.7,12.3,3.8,0.7,0.561,57.3,2023-24
1630548,Johnny Juzang,UTA,20,18.6,7.2,1.8,1.2,0.62,24.4,2023-24
1631212,Peyton Watson,DEN,80,18.6,6.7,3.2,1.1,0.539,97.6,2023-24
1630692,Jordan Goodwin,MEM,57,18.5,6.5,4.4,2.7,0.451,48.8,2023-24
1630198,Isaiah Joe,OKC,78,18.5,8.2,2.3,1.3,0.626,95.1,2023-24
1630631,Jose Alvarado,NOP,56,18.4,7.1,2.3,2.1,0.54,68.3,2023-24
202692,Alec Burks,NYK,66,18.4,10.4,2.3,1.3,0.536,52.4,2023-24
1631241,Javon Freeman-Liberty,TOR,22,18.3,7.0,3.2,1.8,0.547,26.8,2023-24
1641729,Brice Sensabaugh,UTA,32,18.3,7.5,3.2,1.7,0.511,39.0,2023-24
204456,T.J. McConnell,IND,71,18.2,10.2,2.7,5.5,0.586,86.6,2023-24
1628995,Kevin Knox II,POR,31,18.1,7.2,2.4,0.7,0.57,,2023-24
203095,Evan Fournier,DET,32,18.1,6.9,1.8,1.5,0.464,35.4,2023-24
1631223,David Roddy,PHX,65,18.1,6.5,3.2,1.2,0.484,58.5,2023-24
1630214,Xavier Tillman,BOS,54,18.0,5.3,3.9,1.4,0.472,,2023-24
1641871,Duop Reath,POR,68,17.9,9.1,3.7,1.0,0.571,82.9,2023-24
1629021,Moritz Wagner,ORL,80,17.7,10.9,4.3,1.2,0.676,97.6,2023-24
1626224,Cedi Osman,SAS,72,17.6,6.8,2.5,1.7,0.601,87.8,2023-24
1630541,Moses Moody,GSW,66,17.5,8.1,3.0,0.9,0.578,80.5,2023-24
1630241,Sam Merrill,CLE,61,17.5,8.0,2.0,1.8,0.598,74.4,2023-24
1629022,Lonnie Walker IV,BKN,58,17.4,9.7,2.2,1.3,0.545,70.7,2023-24
1641970,Maozinha Pereira,MEM,7,17.4,6.9,5.3,0.3,0.609,,2023-24
1626174,Christian Wood,LAL,50,17.4,6.9,5.1,1.0,0.568,61.0,2023-24
1641722,Jordan Hawkins,NOP,67,17.3,7.8,2.2,1.0,0.533,81.7,2023-24
1630164,James Wiseman,DET,63,17.3,7.1,5.3,0.9,0.637,76.8,2023-24
1630186,Jahmi'us Ramsey,TOR,7,17.3,6.7,3.1,1.1,0.538,8.5,2023-24
204060,Joe Ingles,ORL,68,17.2,4.4,2.1,3.0,0.612,82.9,2023-24
202397,Ish Smith,CHA,43,17.2,3.2,1.8,3.4,0.435,52.4,2023-24
1630188,Jalen Smith,IND,61,17.2,9.9,5.5,1.0,0.682,74.4,2023-24
1631165,Keon Ellis,SAC,57,17.2,5.4,2.2,1.5,0.627,69.5,2023-24
203967,Dario Saric,GSW,64,17.2,8.0,4.4,2.3,0.6,,2023-24
203083,Andre Drummond,CHI,79,17.1,8.4,9.0,0.5,0.576,96.3,2023-24
1631367,Jacob Gilyard,BKN,41,17.0,4.2,1.1,3.3,0.573,45.1,2023-24
1629647,Darius Bazley,UTA,9,16.9,5.3,3.1,0.8,0.68,7.3,2023-24
1628424,Kobi Simmons,TOR,4,16.9,5.0,1.8,3.0,0.476,4.9,2023-24
1628464,Daniel Theis,LAC,60,16.9,6.3,4.1,1.0,0.597,72.0,2023-24
1641710,Anthony Black,ORL,69,16.9,4.6,2.0,1.3,0.56,84.1,2023-24
201145,Jeff Green,HOU,78,16.8,6.5,2.3,0.9,0.59,95.1,2023-24
203496,Robert Covington,PHI,29,16.8,4.4,3.3,0.8,0.58,31.7,2023-24
201567,Kevin Love,MIA,55,16.8,8.8,6.1,2.1,0.597,67.1,2023-24
1629002,Chimezie Metu,DET,51,16.8,6.5,3.8,0.9,0.61,45.1,2023-24
202694,Marcus Morris Sr.,CLE,49,16.7,6.4,2.7,0.7,0.558,,2023-24
1626166,Cameron Payne,PHI,78,16.7,7.4,1.5,2.6,0.566,57.3,2023-24
1630204,Ashton Hagans,POR,19,16.6,4.2,2.4,2.8,0.51,23.2,2023-24
1631218,Trayce Jackson-Davis,GSW,68,16.6,7.9,5.0,1.2,0.692,82.9,2023-24
201565,Derrick Rose,MEM,24,16.6,8.0,1.9,3.3,0.54,29.3,2023-24
1630610,DeJon Jarreau,MEM,9,16.6,4.8,4.9,2.9,0.392,11.0,2023-24
1629669,Jaylen Nowell,SAC,13,16.4,6.2,1.8,1.5,0.494,11.0,2023-24
1628988,Aaron Holiday,HOU,78,16.3,6.6,1.6,1.8,0.578,95.1,2023-24
1629117,Wenyen Gabriel,BOS,5,16.2,3.4,5.0,0.6,0.351,6.1,2023-24
1641712,Rayan Rupert,POR,39,16.2,4.0,2.4,1.6,0.451,47.6,2023-24
1626172,Kevon Looney,GSW,74,16.1,4.5,5.7,1.8,0.62,90.2,2023-24
1641730,Noah Clowney,BKN,23,16.1,5.8,3.5,0.8,0.626,28.0,2023-24
1629006,Josh Okogie,PHX,60,16.0,4.6,2.6,1.1,0.552,73.2,2023-24
1631298,Jack White,OKC,4,15.9,1.5,3.0,0.3,0.188,4.9,2023-24
1630256,Jae'Sean Tate,HOU,65,15.9,4.1,3.0,1.0,0.538,79.3,2023-24
1628371,Jonathan Isaac,ORL,58,15.8,6.8,4.5,0.5,0.61,70.7,2023-24
1626153,Delon Wright,MIA,47,15.8,4.5,1.8,2.5,0.505,40.2,2023-24
1629013,Landry Shamet,WAS,46,15.8,7.1,1.3,1.2,0.556,56.1,2023-24
202722,Davis Bertans,CHA,43,15.7,6.7,1.4,0.8,0.583,,2023-24
1630598,Aaron Wiggins,OKC,78,15.7,6.9,2.4,1.1,0.664,95.1,2023-24
1630551,Justin Champagnie,WAS,15,15.7,5.9,3.5,1.3,0.526,18.3,2023-24
200782,P.J. Tucker,LAC,31,15.7,1.7,2.7,0.5,0.507,34.1,2023-24
1629234,Drew Eubanks,PHX,75,15.6,5.1,4.3,0.8,0.645,91.5,2023-24
1628436,Luke Kornet,BOS,63,15.6,5.3,4.1,1.1,0.736,76.8,2023-24
1630592,Jalen Wilson,BKN,43,15.5,5.0,3.0,1.0,0.537,52.4,2023-24
1627780,Gary Payton II,GSW,44,15.5,5.5,2.6,1.1,0.621,53.7,2023-24
1629048,Goga Bitadze,ORL,62,15.4,5.0,4.6,1.3,0.629,75.6,2023-24
1641774,Tristan Vukcevic,WAS,10,15.3,8.5,3.6,1.3,0.554,12.2,2023-24
1630558,Davion Mitchell,SAC,72,15.3,5.3,1.3,1.9,0.555,87.8,2023-24
1628981,Bruno Fernando,ATL,45,15.2,6.3,4.3,1.0,0.615,54.9,2023-24
1642013,Malik Williams,TOR,7,15.2,2.7,5.4,0.3,0.272,8.5,2023-24
1630549,Day'Ron Sharpe,BKN,61,15.1,6.8,6.4,1.4,0.596,74.4,2023-24
1627863,Danuel House Jr.,PHI,34,15.0,4.2,1.7,0.8,0.575,41.5,2023-24
1629726,Garrison Mathews,ATL,66,15.0,4.9,1.4,0.6,0.665,80.5,2023-24
1629026,Kenrich Williams,OKC,69,14.9,4.7,3.0,1.3,0.568,84.1,2023-24
203200,Justin Holiday,DEN,58,14.9,4.0,1.2,1.2,0.598,70.7,2023-24
1631121,Bryce McGowens,CHA,59,14.9,5.1,1.7,0.9,0.565,72.0,2023-24
203486,Mason Plumlee,LAC,46,14.7,5.3,5.1,1.2,0.621,56.1,2023-24
1630205,Lamar Stevens,MEM,38,14.7,7.2,3.3,0.7,0.516,23.2,2023-24
1630538,Bones Hyland,LAC,37,14.6,6.9,1.5,2.5,0.49,45.1,2023-24
1630696,Dru Smith,MIA,9,14.5,4.3,1.6,1.6,0.576,11.0,2023-24
1630197,Aleksej Pokusevski,CHA,28,14.5,5.2,3.2,1.3,0.525,22.0,2023-24
1631104,Blake Wesley,SAS,61,14.4,4.4,1.5,2.7,0.537,74.4,2023-24
1631197,Jared Rhoden,DET,17,14.4,4.9,1.9,0.8,0.597,20.7,2023-24
1628420,Monte Morris,MIN,33,14.4,5.0,1.7,2.1,0.508,32.9,2023-24
1641733,Nick Smith Jr.,CHA,51,14.3,5.9,1.4,1.2,0.511,62.2,2023-24
1641767,Ben Sheppard,IND,57,14.3,4.4,1.6,0.9,0.524,69.5,2023-24
1630562,Matt Hurt,MEM,8,14.2,4.0,2.0,0.5,0.453,,2023-24
1630215,Jared Butler,WAS,40,14.1,6.3,1.5,3.2,0.579,48.8,2023-24
1628449,Chris Boucher,TOR,50,14.1,6.4,4.1,0.5,0.625,61.0,2023-24
203926,Doug McDermott,IND,64,14.1,5.5,0.9,1.1,0.6,56.1,2023-24
1631108,Max Christie,LAL,67,14.1,4.2,2.1,0.9,0.544,81.7,2023-24
203552,Seth Curry,CHA,44,14.0,5.1,1.5,1.0,0.519,43.9,2023-24
1628972,Troy Brown Jr.,DET,59,14.0,4.2,2.4,1.0,0.51,45.1,2023-24
1628975,Jevon Carter,CHI,72,13.9,5.0,0.8,1.3,0.485,87.8,2023-24
1630346,Matt Ryan,NOP,28,13.9,5.4,1.4,0.6,0.638,34.1,2023-24
1626158,Richaun Holmes,WAS,40,13.9,5.0,4.6,0.6,0.593,28.0,2023-24
1631216,Caleb Houstan,ORL,59,13.8,4.3,1.4,0.5,0.582,72.0,2023-24
1629007,Jontay Porter,DET,26,13.8,4.4,3.2,2.3,0.514,31.7,2023-24
1629670,Jordan Nwora,TOR,52,13.7,7.0,2.9,1.2,0.565,41.5,2023-24
1629139,Yuta Watanabe,MEM,34,13.7,3.4,1.6,0.4,0.474,35.4,2023-24
1629111,Jock Landale,HOU,56,13.6,4.9,3.1,1.2,0.584,68.3,2023-24
1630702,Jaden Hardy,DAL,73,13.6,7.3,1.8,1.5,0.517,89.0,2023-24
1630570,Trendon Watford,BKN,63,13.6,6.9,3.1,1.3,0.611,76.8,2023-24
1628984,Devonte' Graham,SAS,23,13.6,5.0,1.6,2.1,0.495,28.0,2023-24
201152,Thaddeus Young,PHX,33,13.3,4.2,3.1,1.7,0.598,28.0,2023-24
203939,Dwight Powell,DAL,63,13.3,3.3,3.4,1.3,0.716,76.8,2023-24
1628964,Mo Bamba,PHI,57,13.0,4.4,4.2,0.7,0.575,69.5,2023-24
201988,Patty Mills,MIA,32,13.0,4.0,1.1,1.1,0.467,23.2,2023-24
1630579,Jericho Sims,NYK,45,13.0,2.0,3.3,0.6,0.702,54.9,2023-24
1631119,Jaylin Williams,OKC,69,13.0,4.0,3.4,1.6,0.561,84.1,2023-24
1631116,Patrick Baldwin Jr.,WAS,38,13.0,4.4,3.2,0.8,0.502,46.3,2023-24
1630564,RaiQuan Gray,SAS,3,13.0,7.7,2.3,2.0,0.676,3.7,2023-24
1630561,David Duke Jr.,SAS,4,12.8,6.5,2.5,1.3,0.673,4.9,2023-24
1630649,Stanley Umude,DET,24,12.8,5.3,2.1,0.5,0.647,29.3,2023-24
1630543,Isaiah Jackson,IND,60,12.8,6.4,4.0,0.8,0.689,72.0,2023-24
201568,Danilo Gallinari,MIL,49,12.8,5.7,2.2,1.1,0.601,31.7,2023-24
1630699,MarJon Beauchamp,MIL,48,12.7,4.4,2.1,0.6,0.592,58.5,2023-24
1631230,Dominick Barlow,SAS,33,12.7,4.4,3.4,1.1,0.548,40.2,2023-24
1641854,Craig Porter Jr.,CLE,51,12.7,5.6,2.1,2.3,0.564,62.2,2023-24
1630201,Malachi Flynn,DET,69,12.7,5.5,1.7,1.9,0.533,37.8,2023-24
1628966,Keita Bates-Diop,BKN,53,12.5,3.7,2.1,0.7,0.534,47.6,2023-24
1630177,Theo Maledon,PHX,17,12.5,3.5,1.4,1.6,0.385,,2023-24
1629637,Jaxson Hayes,LAL,70,12.5,4.3,3.0,0.5,0.718,85.4,2023-24
1630550,JT Thor,CHA,63,12.4,3.2,2.3,0.5,0.519,76.8,2023-24
1630231,KJ Martin,PHI,60,12.4,3.7,2.2,0.9,0.563,70.7,2023-24
1641877,Nathan Mensah,CHA,25,12.3,1.3,2.6,0.4,0.496,30.5,2023-24
1631098,Johnny Davis,WAS,50,12.3,3.0,1.4,0.6,0.462,61.0,2023-24
1630553,Keon Johnson,BKN,5,12.3,6.2,1.4,0.6,0.59,6.1,2023-24
1628426,Sasha Vezenkov,SAC,42,12.2,5.4,2.3,0.5,0.569,51.2,2023-24
1630537,Chris Duarte,SAC,59,12.2,3.9,1.8,0.7,0.512,72.0,2023-24
1629003,Shake Milton,NYK,48,12.1,4.5,1.6,1.3,0.499,46.3,2023-24
1631243,Mouhamed Gueye,ATL,6,12.1,4.0,3.7,0.7,0.468,7.3,2023-24
1641727,Dariq Whitehead,BKN,2,12.0,1.5,2.0,1.5,0.255,2.4,2023-24
1629674,Neemias Queta,BOS,28,11.9,5.5,4.4,0.7,0.662,34.1,2023-24
1630243,Trevelin Queen,ORL,14,11.8,2.9,1.4,1.3,0.462,17.1,2023-24
1630288,Jeff Dowtin Jr.,PHI,12,11.8,4.3,1.7,2.3,0.689,14.6,2023-24
1641931,Onuralp Bitim,CHI,23,11.7,3.5,1.4,0.6,0.464,28.0,2023-24
1631321,Sidy Cissoko,SAS,12,11.7,3.8,1.8,0.8,0.568,14.6,2023-24
1630695,Micah Potter,UTA,16,11.6,3.3,2.7,0.4,0.609,19.5,2023-24
203490,Otto Porter Jr.,TOR,15,11.6,2.6,1.9,0.5,0.568,18.3,2023-24
1628418,Thomas Bryant,MIA,38,11.6,5.7,3.7,0.6,0.639,46.3,2023-24
1641723,Kobe Bufkin,ATL,17,11.5,4.8,1.9,1.6,0.424,20.7,2023-24
1629052,Oshae Brissett,BOS,55,11.5,3.7,2.9,0.8,0.53,67.1,2023-24
1631207,Dalen Terry,CHI,59,11.5,3.1,1.9,1.4,0.512,72.0,2023-24
202083,Wesley Matthews,ATL,36,11.5,3.1,1.5,0.6,0.511,43.9,2023-24
1630219,Skylar Mays,LAL,38,11.4,4.1,1.1,2.2,0.466,25.6,2023-24
1630209,Omer Yurtseven,UTA,48,11.4,4.6,4.3,0.6,0.565,58.5,2023-24
202709,Cory Joseph,GSW,26,11.4,2.4,1.2,1.6,0.47,31.7,2023-24
203933,T.J. Warren,MIN,11,11.3,3.7,2.0,0.8,0.479,13.4,2023-24
203488,Mike Muscala,OKC,53,11.3,3.0,2.4,0.7,0.47,29.3,2023-24
1631303,Justin Minaya,POR,34,11.2,1.8,1.6,0.6,0.391,41.5,2023-24
202684,Tristan Thompson,CLE,49,11.2,3.3,3.6,1.0,0.567,59.8,2023-24
1629162,Jordan McLaughlin,MIN,56,11.2,3.5,1.3,2.0,0.638,68.3,2023-24
1631172,Ousmane Dieng,OKC,33,11.1,4.0,1.5,1.1,0.54,40.2,2023-24
1631260,AJ Green,MIL,56,11.0,4.5,1.1,0.5,0.617,,2023-24
201599,DeAndre Jordan,DEN,36,11.0,3.9,4.4,0.7,0.61,43.9,2023-24
1629716,Marques Bolden,CHA,11,11.0,3.4,3.1,0.4,0.691,11.0,2023-24
1631338,Mouhamadou Gueye,TOR,11,10.9,2.4,2.1,0.5,0.31,13.4,2023-24
1629626,Bol Bol,PHX,43,10.9,5.2,3.2,0.4,0.7,52.4,2023-24
1631124,Julian Strawther,DEN,50,10.9,4.5,1.2,0.9,0.482,61.0,2023-24
1641778,Leaky Black,CHA,26,10.9,2.7,1.8,0.9,0.589,31.7,2023-24
1630235,Trent Forrest,ATL,38,10.9,2.2,1.3,2.4,0.426,46.3,2023-24
1629646,Charles Bassey,SAS,19,10.8,3.3,4.0,1.1,0.739,23.2,2023-24
1629667,Jalen McDaniels,TOR,50,10.8,3.4,1.6,0.7,0.412,61.0,2023-24
1630527,Brandon Boston,LAC,32,10.8,5.2,1.6,0.4,0.476,,2023-24
202066,Garrett Temple,TOR,27,10.7,3.3,1.7,1.0,0.502,32.9,2023-24
1631311,Lester Quinones,GSW,37,10.7,4.4,1.9,1.0,0.533,,2023-24
203925,Joe Harris,DET,16,10.6,2.4,0.8,0.6,0.489,19.5,2023-24
1631123,Jamaree Bouyea,SAS,9,10.5,2.3,2.1,1.2,0.375,7.3,2023-24
1629717,Armoni Brooks,BKN,10,10.4,4.2,1.8,0.5,0.448,12.2,2023-24
1630641,Ibou Badji,POR,22,10.3,1.5,2.3,0.6,0.623,26.8,2023-24
1641716,Jarace Walker,IND,33,10.3,3.6,1.9,1.2,0.527,40.2,2023-24
1630531,Jaden Springer,BOS,49,10.3,3.3,1.6,0.9,0.49,39.0,2023-24
1629642,Nassir Little,PHX,45,10.2,3.4,1.7,0.5,0.572,54.9,2023-24
201959,Taj Gibson,DET,20,10.2,1.7,1.9,0.6,0.449,19.5,2023-24
1630554,Jason Preston,UTA,7,10.2,1.7,2.4,2.3,0.316,8.5,2023-24
1629004,Svi Mykhailiuk,BOS,41,10.1,4.0,1.2,0.9,0.575,50.0,2023-24
1631386,Taze Moore,POR,4,10.1,4.5,2.0,1.3,0.453,4.9,2023-24
1631288,Jamal Cain,MIA,26,10.0,3.7,1.4,0.4,0.544,31.7,2023-24
1641748,Andre Jackson Jr.,MIL,57,10.0,2.2,2.0,0.9,0.596,69.5,2023-24
1630178,Tyrese Maxey,PHI,52,37.7,26.3,3.3,6.1,0.562,63.4,2024-25
1628404,Josh Hart,NYK,77,37.6,13.6,9.6,5.9,0.611,93.9,2024-25
1626164,Devin Booker,PHX,75,37.3,25.6,4.1,7.1,0.589,91.5,2024-25
1628969,Mikal Bridges,NYK,82,37.0,17.6,3.2,3.7,0.585,100.0,2024-25
203999,Nikola Jokić,DEN,70,36.7,29.6,12.7,10.2,0.663,85.4,2024-25
1628384,OG Anunoby,NYK,74,36.6,18.0,4.8,2.2,0.591,90.2,2024-25
201142,Kevin Durant,PHX,62,36.5,26.6,6.0,4.2,0.642,75.6,2024-25
1628369,Jayson Tatum,BOS,72,36.4,26.8,8.7,6.0,0.582,87.8,2024-25
1630162,Anthony Edwards,MIN,79,36.3,27.6,5.7,4.5,0.595,96.3,2024-25
1628368,De'Aaron Fox,SAS,62,36.1,23.5,4.8,6.3,0.56,54.9,2024-25
202681,Kyrie Irving,DAL,50,36.1,24.7,4.8,4.6,0.594,61.0,2024-25
203081,Damian Lillard,MIL,58,36.1,24.9,4.7,7.1,0.621,70.7,2024-25
1627750,Jamal Murray,DEN,67,36.1,21.4,3.9,6.0,0.584,81.7,2024-25
1629027,Trae Young,ATL,76,36.0,24.2,3.1,11.6,0.567,92.7,2024-25
201942,DeMar DeRozan,SAC,77,35.9,22.2,3.9,4.4,0.569,93.9,2024-25
1630552,Jalen Johnson,ATL,36,35.7,18.9,10.0,5.0,0.569,43.9,2024-25
1629639,Tyler Herro,MIA,77,35.4,23.9,5.2,5.5,0.605,93.9,2024-25
1629029,Luka Dončić,LAL,50,35.4,28.2,8.2,7.7,0.587,34.1,2024-25
1628973,Jalen Brunson,NYK,65,35.4,26.0,2.9,7.3,0.605,79.3,2024-25
201935,James Harden,LAC,79,35.3,22.8,5.8,8.7,0.582,96.3,2024-25
1627832,Fred VanVleet,HOU,60,35.2,14.1,3.7,5.6,0.515,73.2,2024-25
203897,Zach LaVine,SAC,74,35.2,23.3,4.3,4.2,0.639,51.2,2024-25
1626157,Karl-Anthony Towns,NYK,72,35.0,24.4,12.8,3.1,0.63,87.8,2024-25
1630595,Cade Cunningham,DET,70,35.0,26.1,6.1,9.1,0.565,85.4,2024-25
1630530,Trey Murphy III,NOP,53,35.0,21.2,5.1,3.5,0.598,64.6,2024-25
1630559,Austin Reaves,LAL,73,34.9,20.2,4.5,5.8,0.616,89.0,2024-25
2544,LeBron James,LAL,70,34.9,24.4,7.8,8.2,0.604,85.4,2024-25
1627734,Domantas Sabonis,SAC,70,34.7,19.1,13.9,6.0,0.655,85.4,2024-25
1626162,Kelly Oubre Jr.,PHI,60,34.6,15.1,6.1,1.8,0.551,73.2,2024-25
1631094,Paolo Banchero,ORL,46,34.4,25.9,7.5,4.8,0.551,56.1,2024-25
1631099,Keegan Murray,SAC,76,34.3,12.4,6.7,1.4,0.553,92.7,2024-25
1627759,Jaylen Brown,BOS,63,34.3,22.2,5.8,4.5,0.555,76.8,2024-25
1628389,Bam Adebayo,MIA,78,34.3,18.1,9.6,4.3,0.561,95.1,2024-25
203507,Giannis Antetokounmpo,MIL,67,34.2,30.4,11.9,6.5,0.625,81.7,2024-25
1641706,Brandon Miller,CHA,27,34.2,21.0,4.9,3.6,0.54,32.9,2024-25
1628983,Shai Gilgeous-Alexander,OKC,76,34.2,32.7,5.0,6.4,0.637,92.7,2024-25
1628401,Derrick White,BOS,76,33.9,16.4,4.5,4.8,0.606,92.7,2024-25
1631128,Christian Braun,DEN,79,33.9,15.4,5.2,2.6,0.665,96.3,2024-25
1630700,Dyson Daniels,ATL,76,33.8,14.1,5.9,4.4,0.545,92.7,2024-25
1630532,Franz Wagner,ORL,60,33.7,24.2,5.7,4.7,0.558,73.2,2024-25
1629008,Michael Porter Jr.,DEN,77,33.7,18.2,7.0,2.1,0.617,93.9,2024-25
1630169,Tyrese Haliburton,IND,73,33.6,18.6,3.5,9.2,0.616,89.0,2024-25
203076,Anthony Davis,DAL,51,33.4,24.7,11.6,3.5,0.588,51.2,2024-25
1641705,Victor Wembanyama,SAS,46,33.2,24.3,11.0,3.7,0.594,56.1,2024-25
203497,Rudy Gobert,MIN,72,33.2,12.0,10.9,1.8,0.687,87.8,2024-25
1629632,Coby White,CHI,74,33.1,20.4,3.7,4.5,0.601,90.2,2024-25
1627742,Brandon Ingram,TOR,18,33.1,22.2,5.6,5.2,0.56,22.0,2024-25
1641731,Bilal Coulibaly,WAS,59,33.0,12.3,5.0,3.4,0.515,72.0,2024-25
1630224,Jalen Green,HOU,82,32.9,21.0,4.6,3.4,0.544,100.0,2024-25
1627826,Ivica Zubac,LAC,80,32.8,16.8,12.6,2.7,0.641,97.6,2024-25
1630567,Scottie Barnes,TOR,65,32.8,19.3,7.7,5.8,0.523,79.3,2024-25
1641739,Toumani Camara,POR,78,32.7,11.3,5.8,2.2,0.572,95.1,2024-25
1627783,Pascal Siakam,IND,78,32.7,20.2,6.9,3.4,0.599,95.1,2024-25
1629014,Anfernee Simons,POR,70,32.7,19.3,2.7,4.8,0.557,85.4,2024-25
203468,CJ McCollum,NOP,56,32.7,21.1,3.8,4.1,0.55,68.3,2024-25
1626181,Norman Powell,LAC,60,32.6,21.8,3.2,2.1,0.615,73.2,2024-25
1627749,Dejounte Murray,NOP,31,32.6,17.5,6.5,7.4,0.494,37.8,2024-25
202331,Paul George,PHI,41,32.5,16.2,5.3,4.3,0.543,50.0,2024-25
1631114,Jalen Williams,OKC,69,32.4,21.6,5.3,5.1,0.573,84.1,2024-25
1630529,Herbert Jones,NOP,20,32.4,10.3,3.9,3.3,0.541,24.4,2024-25
203924,Jerami Grant,POR,47,32.4,14.4,3.5,2.1,0.523,57.3,2024-25
1641708,Amen Thompson,HOU,69,32.3,14.1,8.2,3.8,0.602,84.1,2024-25
203944,Julius Randle,MIN,69,32.3,18.7,7.1,4.7,0.593,84.1,2024-25
201939,Stephen Curry,GSW,70,32.2,24.5,4.4,6.0,0.618,85.4,2024-25
1629628,RJ Barrett,TOR,58,32.2,21.1,6.3,5.4,0.547,70.7,2024-25
1629023,P.J. Washington,DAL,57,32.2,14.7,7.8,2.3,0.556,69.5,2024-25
203078,Bradley Beal,PHX,53,32.1,17.0,3.3,3.7,0.598,64.6,2024-25
1630217,Desmond Bane,ORL,69,32.0,19.2,6.1,5.3,0.6,84.1,2024-25
1630163,LaMelo Ball,CHA,47,32.0,25.2,4.9,7.4,0.536,57.3,2024-25
202695,Kawhi Leonard,LAC,37,31.9,21.5,5.9,3.1,0.589,45.1,2024-25
1630183,Jaden McDaniels,MIN,82,31.9,12.2,5.7,2.0,0.562,100.0,2024-25
1628415,Dillon Brooks,HOU,75,31.8,14.0,3.7,1.7,0.555,91.5,2024-25
201572,Brook Lopez,MIL,80,31.8,13.0,5.0,1.8,0.624,97.6,2024-25
202710,Jimmy Butler III,GSW,55,31.7,17.5,5.4,5.4,0.626,,2024-25
1628970,Miles Bridges,CHA,64,31.7,20.3,7.5,3.9,0.541,78.0,2024-25
1629060,Rui Hachimura,LAL,59,31.7,13.1,5.0,1.4,0.619,72.0,2024-25
1628370,Malik Monk,SAC,65,31.6,17.2,3.8,5.6,0.549,79.3,2024-25
1629661,Cameron Johnson,BKN,57,31.6,18.8,4.3,3.4,0.632,69.5,2024-25
202699,Tobias Harris,DET,73,31.6,13.7,5.9,2.2,0.571,89.0,2024-25
1630578,Alperen Sengun,HOU,76,31.5,19.1,10.3,4.9,0.545,,2024-25
1641718,Keyonte George,UTA,67,31.5,16.8,3.8,5.6,0.539,81.7,2024-25
1628374,Lauri Markkanen,UTA,47,31.4,19.0,5.9,1.5,0.571,57.3,2024-25
1628378,Donovan Mitchell,CLE,71,31.4,24.0,4.5,5.0,0.575,86.6,2024-25
1631101,Shaedon Sharpe,POR,72,31.3,18.5,4.5,2.8,0.551,87.8,2024-25
202696,Nikola Vučević,CHI,73,31.2,18.5,10.1,3.5,0.611,89.0,2024-25
1630560,Cam Thomas,BKN,25,31.2,24.0,3.3,3.8,0.575,30.5,2024-25
1630170,Devin Vassell,SAS,64,31.0,16.3,4.0,2.9,0.553,78.0,2024-25
1629636,Darius Garland,CLE,75,30.7,20.6,2.9,6.7,0.6,91.5,2024-25
203952,Andrew Wiggins,MIA,60,30.7,18.0,4.5,2.6,0.566,52.4,2024-25
201950,Jrue Holiday,BOS,62,30.6,11.1,4.3,3.9,0.565,75.6,2024-25
1628381,John Collins,UTA,40,30.5,19.0,8.2,2.0,0.628,48.8,2024-25
1630596,Evan Mobley,CLE,71,30.5,18.5,9.3,3.2,0.633,86.6,2024-25
1629630,Ja Morant,MEM,50,30.4,23.2,4.1,7.3,0.563,61.0,2024-25
1630245,Ayo Dosunmu,CHI,46,30.3,12.3,3.5,4.5,0.585,56.1,2024-25
1630581,Josh Giddey,CHI,70,30.2,14.6,8.1,7.2,0.57,85.4,2024-25
203954,Joel Embiid,PHI,19,30.2,23.8,8.2,4.5,0.58,23.2,2024-25
1626167,Myles Turner,IND,72,30.2,15.6,6.5,1.5,0.612,87.8,2024-25
1629028,Deandre Ayton,POR,40,30.1,14.4,10.2,1.6,0.583,48.8,2024-25
1631095,Jabari Smith Jr.,HOU,57,30.1,12.2,7.0,1.1,0.562,69.5,2024-25
1631117,Walker Kessler,UTA,58,30.0,11.1,12.2,1.7,0.66,70.7,2024-25
1630166,Deni Avdija,POR,72,30.0,16.9,7.3,3.9,0.605,87.8,2024-25
1642267,Bub Carrington,WAS,82,30.0,9.8,4.2,4.4,0.514,100.0,2024-25
1629684,Grant Williams,CHA,16,29.9,10.4,5.1,2.3,0.596,19.5,2024-25
1631093,Jaden Ivey,DET,30,29.9,17.6,4.1,4.0,0.569,36.6,2024-25
1631097,Bennedict Mathurin,IND,72,29.9,16.1,5.3,1.9,0.579,87.8,2024-25
1628398,Kyle Kuzma,MIL,65,29.8,14.8,5.7,2.3,0.514,40.2,2024-25
1628991,Jaren Jackson Jr.,MEM,74,29.8,22.2,5.6,2.0,0.591,90.2,2024-25
203484,Kentavious Caldwell-Pope,MEM,77,29.6,8.7,2.2,1.8,0.574,93.9,2024-25
1627751,Jakob Poeltl,TOR,57,29.6,14.5,9.6,2.8,0.641,69.5,2024-25
1629673,Jordan Poole,WAS,68,29.4,20.5,3.0,4.5,0.591,82.9,2024-25
1641711,Gradey Dick,TOR,54,29.4,14.4,3.6,1.8,0.543,65.9,2024-25
1629652,Luguentz Dort,OKC,71,29.2,10.1,4.1,1.6,0.586,86.6,2024-25
203110,Draymond Green,GSW,68,29.2,9.0,6.1,5.6,0.534,82.9,2024-25
1629614,Andrew Nembhard,IND,65,28.9,10.0,3.3,5.0,0.545,79.3,2024-25
1627827,Dorian Finney-Smith,LAL,63,28.9,8.7,3.9,1.4,0.604,52.4,2024-25
204001,Kristaps Porziņģis,BOS,42,28.8,19.5,6.8,2.1,0.618,51.2,2024-25
1629627,Zion Williamson,NOP,30,28.6,24.6,7.2,5.3,0.6,36.6,2024-25
1630591,Jalen Suggs,ORL,35,28.6,16.2,4.0,3.7,0.536,42.7,2024-25
1630202,Payton Pritchard,BOS,80,28.4,14.3,3.8,3.5,0.633,97.6,2024-25
203932,Aaron Gordon,DEN,51,28.4,14.7,4.8,3.2,0.65,62.2,2024-25
1631166,Drew Timme,BKN,9,28.2,12.1,7.2,2.2,0.5,11.0,2024-25
203471,Dennis Schröder,DET,75,28.1,13.1,2.6,5.4,0.531,34.1,2024-25
101108,Chris Paul,SAS,82,28.0,8.8,3.6,7.4,0.58,100.0,2024-25
203501,Tim Hardaway Jr.,DET,77,28.0,11.0,2.4,1.6,0.567,93.9,2024-25
1628386,Jarrett Allen,CLE,82,28.0,13.5,9.7,1.9,0.724,100.0,2024-25
201566,Russell Westbrook,DEN,75,27.9,13.3,4.9,6.1,0.532,91.5,2024-25
1628392,Isaiah Hartenstein,OKC,57,27.9,11.2,10.7,3.8,0.599,69.5,2024-25
1629012,Collin Sexton,UTA,63,27.9,18.4,2.7,4.2,0.593,76.8,2024-25
1630168,Onyeka Okongwu,ATL,74,27.9,13.4,8.9,2.3,0.634,90.2,2024-25
1630182,Josh Green,CHA,68,27.8,7.4,2.5,1.6,0.559,82.9,2024-25
1630193,Immanuel Quickley,TOR,33,27.8,17.1,3.5,5.8,0.57,40.2,2024-25
1627736,Malik Beasley,DET,82,27.8,16.3,2.6,1.7,0.59,100.0,2024-25
1630230,Naji Marshall,DAL,69,27.8,13.2,4.8,3.0,0.584,84.1,2024-25
1641717,Cason Wallace,OKC,68,27.6,8.4,3.4,2.5,0.562,82.9,2024-25
201143,Al Horford,BOS,60,27.6,9.0,6.2,2.1,0.563,73.2,2024-25
1629675,Naz Reid,MIN,80,27.5,14.2,6.0,2.3,0.577,97.6,2024-25
1631096,Chet Holmgren,OKC,32,27.4,15.0,8.0,2.0,0.599,39.0,2024-25
1630558,Davion Mitchell,MIA,74,27.4,7.9,2.3,4.9,0.573,53.7,2024-25
1631108,Max Christie,DAL,78,27.3,9.6,3.3,1.9,0.57,56.1,2024-25
202691,Klay Thompson,DAL,72,27.3,14.0,3.4,2.0,0.552,87.8,2024-25
1629631,De'Andre Hunter,CLE,64,27.2,17.0,4.0,1.4,0.623,45.1,2024-25
1630534,Ochai Agbaji,TOR,64,27.2,10.4,3.8,1.5,0.601,78.0,2024-25
203084,Harrison Barnes,SAS,82,27.2,12.3,3.8,1.7,0.656,100.0,2024-25
1642259,Alex Sarr,WAS,67,27.1,13.0,6.5,2.4,0.482,81.7,2024-25
1627824,Guerschon Yabusele,PHI,70,27.1,11.0,5.6,2.1,0.616,85.4,2024-25
1630165,Killian Hayes,BKN,6,27.1,9.0,3.0,5.2,0.559,7.3,2024-25
1628997,Caleb Martin,DAL,45,27.1,7.9,3.9,2.1,0.513,37.8,2024-25
1627752,Taurean Prince,MIL,80,27.1,8.2,3.6,1.9,0.613,97.6,2024-25
203915,Spencer Dinwiddie,DAL,79,27.0,11.0,2.6,4.4,0.553,96.3,2024-25
1629651,Nic Claxton,BKN,70,26.9,10.3,7.4,2.2,0.569,85.4,2024-25
1629656,Quentin Grimes,PHI,75,26.8,14.6,4.3,3.0,0.595,57.3,2024-25
1626145,Tyus Jones,PHX,81,26.8,10.2,2.4,5.3,0.585,98.8,2024-25
1642274,Yves Missi,NOP,73,26.8,9.1,8.2,1.4,0.572,89.0,2024-25
1641764,Brandin Podziemski,GSW,64,26.8,11.7,5.1,3.4,0.557,78.0,2024-25
1630703,Scoot Henderson,POR,66,26.7,12.7,3.0,5.1,0.54,80.5,2024-25
1642264,Stephon Castle,SAS,81,26.7,14.7,3.7,4.1,0.522,98.8,2024-25
1631109,Mark Williams,CHA,44,26.6,15.3,10.2,2.5,0.647,53.7,2024-25
1642273,Kyshawn George,WAS,68,26.5,8.7,4.2,2.5,0.503,82.9,2024-25
1630557,Corey Kispert,WAS,61,26.3,11.6,3.0,1.7,0.584,74.4,2024-25
1642348,Justin Edwards,PHI,44,26.2,10.1,3.4,1.6,0.559,53.7,2024-25
1631105,Jalen Duren,DET,78,26.1,11.8,10.3,2.7,0.703,95.1,2024-25
203903,Jordan Clarkson,UTA,37,26.0,16.2,3.2,3.7,0.54,45.1,2024-25
1628976,Wendell Carter Jr.,ORL,68,25.9,9.1,7.2,2.0,0.544,82.9,2024-25
1642377,Jaylen Wells,MEM,79,25.9,10.4,3.4,1.7,0.56,96.3,2024-25
1642268,Isaiah Collier,UTA,71,25.9,8.7,3.3,6.3,0.494,86.6,2024-25
1626179,Terry Rozier,MIA,64,25.9,10.6,3.7,2.6,0.497,78.0,2024-25
1628978,Donte DiVincenzo,MIN,62,25.9,11.7,3.7,3.6,0.582,75.6,2024-25
1642272,Jared McCain,PHI,23,25.7,15.3,2.4,2.6,0.589,28.0,2024-25
1630592,Jalen Wilson,BKN,79,25.7,9.5,3.4,1.8,0.541,96.3,2024-25
1629018,Gary Trent Jr.,MIL,74,25.6,11.1,2.3,1.2,0.591,90.2,2024-25
1629622,Max Strus,CLE,50,25.5,9.4,4.3,3.2,0.607,61.0,2024-25
1630583,Santi Aldama,MEM,65,25.5,12.5,6.4,2.9,0.588,79.3,2024-25
1626156,D'Angelo Russell,BKN,58,25.5,12.6,2.8,5.1,0.522,35.4,2024-25
1626171,Bobby Portis,MIL,49,25.4,13.9,8.4,2.1,0.542,59.8,2024-25
1630542,Marcus Bagley,PHI,10,25.3,6.7,7.0,1.0,0.456,12.2,2024-25
1629638,Nickeil Alexander-Walker,MIN,82,25.3,9.4,3.2,2.7,0.579,100.0,2024-25
1631110,Jeremy Sochan,SAS,54,25.3,11.4,6.5,2.4,0.589,65.9,2024-25
1631107,Nikola Jović,MIA,46,25.1,10.7,3.9,2.8,0.595,56.1,2024-25
1630172,Patrick Williams,CHI,63,25.0,9.0,3.8,2.0,0.512,76.8,2024-25
203992,Bogdan Bogdanović,LAC,54,25.0,10.8,2.9,2.7,0.559,36.6,2024-25
1630540,Miles McBride,NYK,64,24.9,9.5,2.5,2.9,0.531,78.0,2024-25
1631106,Tari Eason,HOU,57,24.9,12.0,6.4,1.5,0.567,69.5,2024-25
1627747,Caris LeVert,ATL,64,24.9,12.1,3.2,3.4,0.582,46.3,2024-25
1630174,Aaron Nesmith,IND,45,24.9,12.0,4.0,1.2,0.653,54.9,2024-25
1641707,Taylor Hendricks,UTA,3,24.8,4.7,5.0,0.7,0.354,3.7,2024-25
201144,Mike Conley,MIN,71,24.7,8.2,2.6,4.5,0.573,86.6,2024-25
1641878,Damion Baugh,CHA,15,24.7,7.3,3.3,3.7,0.399,18.3,2024-25
1629312,Haywood Highsmith,MIA,74,24.6,6.5,3.4,1.5,0.583,90.2,2024-25
1642258,Zaccharie Risacher,ATL,75,24.6,12.6,3.6,1.2,0.558,91.5,2024-25
1630544,Tre Mann,CHA,13,24.5,14.1,2.9,3.0,0.537,15.9,2024-25
1626220,Royce O'Neale,PHX,75,24.5,9.1,4.7,2.2,0.585,91.5,2024-25
1630533,Ziaire Williams,BKN,63,24.5,10.0,4.6,1.3,0.55,76.8,2024-25
1630553,Keon Johnson,BKN,79,24.4,10.6,3.8,2.2,0.499,96.3,2024-25
1631165,Keon Ellis,SAC,80,24.4,8.3,2.7,1.5,0.664,97.6,2024-25
1630631,Jose Alvarado,NOP,56,24.4,10.3,2.4,4.6,0.523,68.3,2024-25
1627884,Derrick Jones Jr.,LAC,77,24.3,10.1,3.4,0.8,0.609,93.9,2024-25
1631212,Peyton Watson,DEN,68,24.3,8.1,3.4,1.4,0.564,82.9,2024-25
1628989,Kevin Huerter,CHI,69,24.3,9.9,3.0,2.3,0.544,52.4,2024-25
1629599,Amir Coffey,LAC,72,24.3,9.7,2.2,1.1,0.614,87.8,2024-25
1630228,Jonathan Kuminga,GSW,47,24.3,15.3,4.6,2.2,0.535,57.3,2024-25
1641710,Anthony Black,ORL,78,24.2,9.4,2.9,3.1,0.521,95.1,2024-25
1629130,Duncan Robinson,MIA,74,24.1,11.0,2.3,2.4,0.595,90.2,2024-25
1628960,Grayson Allen,PHX,64,24.1,10.6,3.0,2.1,0.631,78.0,2024-25
1627739,Kris Dunn,LAC,74,24.1,6.4,3.4,2.8,0.531,90.2,2024-25
1629640,Keldon Johnson,SAS,77,23.9,12.7,4.8,1.6,0.572,93.9,2024-25
1629022,Lonnie Walker IV,PHI,20,23.8,12.4,3.2,2.5,0.548,24.4,2024-25
1629052,Oshae Brissett,PHI,6,23.7,8.7,3.7,0.7,0.576,7.3,2024-25
1641787,Tosan Evbuomwan,BKN,28,23.7,9.5,4.3,2.0,0.53,34.1,2024-25
1631232,Keion Brooks Jr.,NOP,14,23.7,10.1,4.1,0.9,0.581,17.1,2024-25
1641722,Jordan Hawkins,NOP,56,23.6,10.8,2.8,1.2,0.504,68.3,2024-25
1630577,Julian Champagnie,SAS,82,23.6,9.9,3.9,1.4,0.577,100.0,2024-25
1630527,Brandon Boston,NOP,42,23.6,10.7,3.2,2.2,0.535,,2024-25
1627763,Malcolm Brogdon,WAS,24,23.5,12.7,3.8,4.1,0.544,29.3,2024-25
1642354,KJ Simpson,CHA,36,23.4,7.8,3.0,3.1,0.437,43.9,2024-25
1641726,Dereck Lively II,DAL,36,23.1,8.7,7.5,2.4,0.704,43.9,2024-25
1630598,Aaron Wiggins,OKC,76,22.9,12.0,3.9,1.8,0.596,92.7,2024-25
203114,Khris Middleton,WAS,37,22.8,11.9,3.7,4.1,0.588,28.0,2024-25
1641733,Nick Smith Jr.,CHA,60,22.8,9.9,2.1,2.4,0.502,73.2,2024-25
1629610,DaQuan Jeffries,CHA,47,22.8,6.7,2.9,1.1,0.518,57.3,2024-25
1631260,AJ Green,MIL,73,22.7,7.4,2.4,1.5,0.621,,2024-25
1641730,Noah Clowney,BKN,46,22.7,9.1,3.9,0.9,0.516,56.1,2024-25
1627741,Buddy Hield,GSW,82,22.7,11.1,3.2,1.6,0.56,100.0,2024-25
1628379,Luke Kennard,MEM,65,22.6,8.9,2.8,3.3,0.631,79.3,2024-25
1628971,Bruce Brown,NOP,41,22.5,8.3,4.0,2.0,0.504,28.0,2024-25
1641709,Ausar Thompson,DET,59,22.5,10.1,5.1,2.3,0.568,72.0,2024-25
1642449,Tolu Smith,DET,1,22.4,14.0,8.0,0.0,0.678,1.2,2024-25
1630541,Moses Moody,GSW,74,22.3,9.8,2.6,1.3,0.578,90.2,2024-25
1642276,Kel'el Ware,MIA,64,22.2,9.3,7.4,0.9,0.603,78.0,2024-25
1628366,Lonzo Ball,CHI,35,22.2,7.6,3.4,3.3,0.524,42.7,2024-25
1628998,Cody Martin,PHX,53,22.1,6.8,4.2,2.0,0.509,47.6,2024-25
1630208,Nick Richards,PHX,57,22.0,9.3,8.2,0.9,0.634,43.9,2024-25
1641783,Tristan da Silva,ORL,74,22.0,7.2,3.3,1.5,0.522,,2024-25
1627732,Ben Simmons,LAC,51,22.0,5.0,4.7,5.6,0.539,40.2,2024-25
1642358,AJ Johnson,WAS,29,22.0,7.6,2.0,2.6,0.48,26.8,2024-25
1629643,Chuma Okeke,CLE,9,21.9,5.9,5.2,1.7,0.641,8.5,2024-25
1631213,Tyrese Martin,BKN,60,21.9,8.7,3.7,2.0,0.533,73.2,2024-25
1630573,Sam Hauser,BOS,71,21.7,8.5,3.2,0.9,0.632,86.6,2024-25
1630198,Isaiah Joe,OKC,74,21.7,10.2,2.6,1.6,0.617,90.2,2024-25
1630551,Justin Champagnie,WAS,62,21.6,8.8,5.7,1.0,0.614,75.6,2024-25
1630623,Tyson Etienne,BKN,7,21.6,7.9,1.3,1.7,0.488,8.5,2024-25
1627777,Georges Niang,ATL,79,21.5,9.9,3.4,1.4,0.607,62.2,2024-25
1641744,Zach Edey,MEM,66,21.5,9.2,8.3,1.0,0.624,80.5,2024-25
1629655,Daniel Gafford,DAL,57,21.5,12.3,6.8,1.4,0.716,69.5,2024-25
203991,Clint Capela,ATL,55,21.4,8.9,8.5,1.1,0.564,67.1,2024-25
203901,Elfrid Payton,NOP,24,21.3,3.5,3.3,6.9,0.34,22.0,2024-25
1631124,Julian Strawther,DEN,65,21.3,9.0,2.2,1.3,0.559,79.3,2024-25
1630590,Scotty Pippen Jr.,MEM,79,21.3,9.9,3.3,4.4,0.582,96.3,2024-25
1629731,Dean Wade,CLE,59,21.2,5.4,4.2,1.3,0.563,72.0,2024-25
1642266,Ja'Kobe Walter,TOR,52,21.2,8.6,3.1,1.6,0.523,63.4,2024-25
1642262,Cody Williams,UTA,50,21.2,4.6,2.3,1.2,0.419,61.0,2024-25
1630231,KJ Martin,UTA,43,21.2,6.4,2.9,1.1,0.618,29.3,2024-25
1629216,Gabe Vincent,LAL,72,21.2,6.4,1.3,1.4,0.536,87.8,2024-25
1642271,Kyle Filipowski,UTA,72,21.1,9.6,6.1,1.9,0.594,87.8,2024-25
1629611,Terance Mann,ATL,67,21.1,7.7,3.0,1.8,0.584,45.1,2024-25
1629669,Jaylen Nowell,WAS,8,21.0,8.4,2.5,2.3,0.43,9.8,2024-25
1641720,Jalen Hood-Schifino,PHI,15,21.0,7.1,1.8,2.5,0.494,15.9,2024-25
203994,Jusuf Nurkić,CHA,51,20.8,8.9,7.8,2.3,0.555,31.7,2024-25
1629680,Matisse Thybulle,POR,15,20.8,7.5,3.5,1.9,0.592,18.3,2024-25
1630570,Trendon Watford,BKN,44,20.7,10.2,3.6,2.6,0.557,53.7,2024-25
1631170,Jaime Jaquez Jr.,MIA,66,20.7,8.6,4.4,2.5,0.543,80.5,2024-25
1642275,Tidjane Salaün,CHA,60,20.7,5.9,4.7,1.2,0.457,73.2,2024-25
1630173,Precious Achiuwa,NYK,57,20.5,6.6,5.6,1.0,0.53,69.5,2024-25
1629048,Goga Bitadze,ORL,70,20.4,7.2,6.6,2.0,0.631,85.4,2024-25
1631222,Jake LaRavia,SAC,66,20.4,6.9,3.9,2.4,0.591,57.3,2024-25
1642367,Jonathan Mogbo,TOR,63,20.4,6.2,4.9,2.3,0.496,76.8,2024-25
1629001,De'Anthony Melton,BKN,6,20.2,10.3,3.3,2.8,0.539,7.3,2024-25
203482,Kelly Olynyk,NOP,44,20.2,8.7,4.7,2.9,0.609,29.3,2024-25
1641729,Brice Sensabaugh,UTA,71,20.2,10.9,3.0,1.5,0.612,86.6,2024-25
1630249,Vít Krejčí,ATL,57,20.2,7.2,2.7,2.6,0.661,69.5,2024-25
1629004,Svi Mykhailiuk,UTA,38,20.0,8.8,2.4,2.0,0.526,46.3,2024-25
203935,Marcus Smart,WAS,34,20.0,9.0,2.1,3.2,0.529,23.2,2024-25
1630191,Isaiah Stewart,DET,72,19.9,6.0,5.5,1.7,0.616,87.8,2024-25
1629660,Ty Jerome,CLE,70,19.9,12.5,2.5,3.4,0.643,85.4,2024-25
1630548,Johnny Juzang,UTA,64,19.8,8.9,2.9,1.1,0.573,78.0,2024-25
1630585,Marcus Garrett,CHA,4,19.8,7.0,1.5,3.3,0.487,4.9,2024-25
1629645,Kevin Porter Jr.,MIL,75,19.8,10.3,3.7,3.4,0.531,54.9,2024-25
1642270,Donovan Clingan,POR,67,19.8,6.5,7.9,1.1,0.574,81.7,2024-25
1630200,Tre Jones,CHI,46,19.7,7.2,2.5,4.2,0.617,34.1,2024-25
1630241,Sam Merrill,CLE,71,19.7,7.2,2.2,1.5,0.583,86.6,2024-25
201569,Eric Gordon,PHI,39,19.7,6.8,1.2,1.7,0.591,47.6,2024-25
1626168,Trey Lyles,SAC,69,19.6,6.5,4.6,1.2,0.551,84.1,2024-25
1642347,Jamal Shead,TOR,75,19.6,7.1,1.5,4.2,0.499,91.5,2024-25
1630167,Obi Toppin,IND,79,19.6,10.5,4.0,1.6,0.642,96.3,2024-25
1641767,Ben Sheppard,IND,63,19.5,5.3,2.8,1.3,0.555,76.8,2024-25
1629637,Jaxson Hayes,LAL,56,19.5,6.8,4.8,1.0,0.72,68.3,2024-25
1626204,Larry Nance Jr.,ATL,24,19.3,8.5,4.3,1.6,0.632,29.3,2024-25
200782,P.J. Tucker,NYK,3,19.3,3.0,2.7,0.0,0.643,3.7,2024-25
1627936,Alex Caruso,OKC,54,19.3,7.1,2.9,2.5,0.568,65.9,2024-25
1630696,Dru Smith,MIA,14,19.2,6.2,2.6,1.6,0.656,17.1,2024-25
1642261,Dalton Knecht,LAL,78,19.2,9.1,2.8,0.8,0.594,95.1,2024-25
1630171,Isaac Okoro,CLE,55,19.1,6.1,2.4,1.2,0.587,67.1,2024-25
1642346,Ryan Dunn,PHX,74,19.1,6.9,3.6,0.8,0.517,90.2,2024-25
203995,Vasilije Micic,PHX,41,19.1,6.6,2.2,3.1,0.462,,2024-25
1641824,Matas Buzelis,CHI,80,18.9,8.6,3.5,1.0,0.571,97.6,2024-25
1629634,Brandon Clarke,MEM,64,18.9,8.3,5.1,1.0,0.638,78.0,2024-25
200768,Kyle Lowry,PHI,35,18.8,3.9,1.9,2.7,0.525,42.7,2024-25
202685,Jonas Valančiūnas,SAC,81,18.8,10.4,7.7,2.0,0.602,59.8,2024-25
202687,Bismack Biyombo,SAS,28,18.8,5.1,5.6,1.1,0.576,34.1,2024-25
1630526,Jeremiah Robinson-Earl,NOP,66,18.8,6.3,4.8,1.3,0.563,80.5,2024-25
1629021,Moritz Wagner,ORL,30,18.8,12.9,4.9,1.4,0.649,36.6,2024-25
203083,Andre Drummond,PHI,40,18.8,7.3,7.8,0.9,0.535,48.8,2024-25
1631255,Karlo Matković,NOP,42,18.8,7.7,5.0,1.1,0.639,51.2,2024-25
1626196,Josh Richardson,MIA,8,18.7,4.0,1.5,1.5,0.402,9.8,2024-25
1628467,Maxi Kleber,LAL,34,18.7,3.0,2.8,1.3,0.489,41.5,2024-25
1630692,Jordan Goodwin,LAL,29,18.7,5.6,3.9,1.4,0.541,35.4,2024-25
1630639,A.J. Lawson,TOR,26,18.7,9.1,3.3,1.2,0.542,31.7,2024-25
1631301,Jaylen Sims,CHA,6,18.6,7.0,1.0,2.0,0.607,7.3,2024-25
1628436,Luke Kornet,BOS,73,18.6,6.0,5.3,1.6,0.683,89.0,2024-25
203957,Dante Exum,DAL,20,18.6,8.7,1.7,2.8,0.589,,2024-25
1630695,Micah Potter,UTA,38,18.6,4.3,4.3,0.8,0.563,46.3,2024-25
1629750,Javonte Green,CLE,68,18.5,5.1,3.2,0.8,0.541,61.0,2024-25
1631246,Vince Williams Jr.,MEM,27,18.5,6.6,3.6,2.0,0.504,32.9,2024-25
1630175,Cole Anthony,MEM,67,18.4,9.4,3.0,2.9,0.531,81.7,2024-25
1631131,Oscar Tshiebwe,UTA,14,18.2,7.6,8.7,0.6,0.64,17.1,2024-25
1630549,Day'Ron Sharpe,BKN,50,18.1,7.9,6.6,1.8,0.568,61.0,2024-25
1629629,Cam Reddish,LAL,33,17.9,3.2,2.0,0.7,0.498,40.2,2024-25
204456,T.J. McConnell,IND,79,17.9,9.1,2.4,4.4,0.547,96.3,2024-25
1642419,Jamison Battle,TOR,59,17.7,7.1,2.7,0.9,0.59,72.0,2024-25
202692,Alec Burks,MIA,49,17.6,7.3,2.5,1.1,0.608,59.8,2024-25
1629057,Robert Williams III,POR,20,17.6,5.8,5.9,1.1,0.679,,2024-25
1629726,Garrison Mathews,ATL,47,17.6,7.5,1.9,1.3,0.606,57.3,2024-25
203486,Mason Plumlee,PHX,74,17.6,4.5,6.1,1.8,0.645,90.2,2024-25
1631217,Moussa Diabaté,CHA,71,17.5,5.7,6.2,0.8,0.609,86.6,2024-25
1631115,Orlando Robinson,TOR,44,17.5,6.9,5.0,1.8,0.519,42.7,2024-25
201587,Nicolas Batum,LAC,78,17.5,4.0,2.8,1.1,0.633,95.1,2024-25
1630215,Jared Butler,PHI,60,17.4,9.0,1.8,3.7,0.549,39.0,2024-25
1630600,Isaiah Mobley,PHI,1,17.4,6.0,4.0,5.0,0.381,1.2,2024-25
1628449,Chris Boucher,TOR,50,17.2,10.0,4.5,0.7,0.615,61.0,2024-25
1626158,Richaun Holmes,WAS,31,17.2,7.4,5.7,1.4,0.695,37.8,2024-25
1642345,Oso Ighodaro,PHX,61,17.1,4.2,3.6,1.2,0.61,74.4,2024-25
1641741,Ricky Council IV,PHI,73,17.1,7.3,2.9,1.3,0.502,89.0,2024-25
1629011,Mitchell Robinson,NYK,17,17.1,5.1,5.9,0.8,0.676,20.7,2024-25
1631306,Cole Swider,IND,10,17.0,5.9,2.7,0.3,0.465,9.8,2024-25
1631199,Ron Harper Jr.,DET,1,17.0,4.0,7.0,2.0,0.225,1.2,2024-25
1630543,Isaiah Jackson,IND,5,16.8,7.0,5.6,1.0,0.6,6.1,2024-25
1630625,Dalano Banton,POR,67,16.7,8.3,2.0,2.4,0.497,81.7,2024-25
1631119,Jaylin Williams,OKC,47,16.7,5.9,5.6,2.6,0.594,57.3,2024-25
1642349,Ajay Mitchell,OKC,36,16.6,6.5,1.9,1.8,0.587,43.9,2024-25
1630658,Colin Castleton,TOR,26,16.6,4.7,4.7,1.1,0.536,13.4,2024-25
1631323,Simone Fontecchio,DET,75,16.5,5.9,2.9,0.9,0.544,91.5,2024-25
203937,Kyle Anderson,MIA,61,16.4,5.9,3.4,2.4,0.538,43.9,2024-25
1629026,Kenrich Williams,OKC,69,16.4,6.3,3.5,1.4,0.587,84.1,2024-25
1642366,Quinten Post,GSW,42,16.3,8.1,3.5,1.3,0.595,51.2,2024-25
1628464,Daniel Theis,NOP,38,16.3,4.3,4.3,1.6,0.558,46.3,2024-25
1630811,Keaton Wallace,ATL,31,16.2,5.4,1.6,2.6,0.503,37.8,2024-25
1631197,Jared Rhoden,TOR,14,16.2,8.4,3.0,1.1,0.602,12.2,2024-25
1641715,Cam Whitmore,HOU,51,16.2,9.4,3.0,1.0,0.549,62.2,2024-25
1629020,Jarred Vanderbilt,LAL,36,16.1,4.1,5.1,1.1,0.537,43.9,2024-25
1631243,Mouhamed Gueye,ATL,33,16.1,6.0,4.2,0.8,0.52,40.2,2024-25
1626153,Delon Wright,NYK,40,15.9,3.1,1.7,1.9,0.44,31.7,2024-25
1630702,Jaden Hardy,DAL,57,15.9,8.7,1.6,1.4,0.549,69.5,2024-25
1641713,GG Jackson,MEM,29,15.8,7.2,3.2,1.0,0.482,,2024-25
1641716,Jarace Walker,IND,75,15.8,6.1,3.1,1.5,0.59,91.5,2024-25
1641842,Ronald Holland II,DET,81,15.6,6.4,2.7,1.0,0.556,,2024-25
1631218,Trayce Jackson-Davis,GSW,62,15.6,6.6,5.0,1.7,0.587,75.6,2024-25
1641737,Adem Bona,PHI,58,15.6,5.8,4.2,0.5,0.714,70.7,2024-25
1629006,Josh Okogie,CHA,40,15.6,7.1,2.8,0.8,0.567,30.5,2024-25
203552,Seth Curry,CHA,68,15.6,6.5,1.7,0.9,0.616,82.9,2024-25
1628371,Jonathan Isaac,ORL,71,15.4,5.4,4.4,0.6,0.512,86.6,2024-25
1628380,Zach Collins,CHI,64,15.3,6.4,4.5,1.7,0.605,43.9,2024-25
1629013,Landry Shamet,NYK,50,15.2,5.7,1.2,0.5,0.601,61.0,2024-25
1630556,Kessler Edwards,DAL,40,15.2,4.2,2.9,1.1,0.597,48.8,2024-25
1630288,Jeff Dowtin Jr.,PHI,41,15.1,7.0,1.5,1.9,0.57,50.0,2024-25
1631200,Kris Murray,POR,69,15.1,4.2,2.6,1.0,0.472,84.1,2024-25
1626166,Cameron Payne,NYK,72,15.1,6.9,1.4,2.8,0.532,87.8,2024-25
1630188,Jalen Smith,CHI,64,15.0,8.2,5.6,1.0,0.586,78.0,2024-25
1630322,Lindy Waters III,DET,52,15.0,4.9,2.1,1.0,0.504,46.3,2024-25
1626172,Kevon Looney,GSW,76,15.0,4.5,6.1,1.6,0.535,92.7,2024-25
1627780,Gary Payton II,GSW,62,15.0,6.5,3.0,1.3,0.635,75.6,2024-25
1641810,Antonio Reeves,NOP,44,15.0,6.9,1.4,0.9,0.579,53.7,2024-25
1641798,Jaylen Martin,WAS,16,14.9,4.9,2.8,1.1,0.497,15.9,2024-25
1630314,Brandon Williams,DAL,33,14.8,8.3,1.8,2.3,0.634,40.2,2024-25
203914,Gary Harris,ORL,48,14.8,3.0,1.3,0.6,0.524,58.5,2024-25
1626192,Pat Connaughton,MIL,41,14.7,5.3,2.7,1.7,0.567,50.0,2024-25
1629003,Shake Milton,LAL,57,14.7,5.5,1.8,1.8,0.563,36.6,2024-25
1641748,Andre Jackson Jr.,MIL,67,14.6,3.4,2.7,1.2,0.554,81.7,2024-25
1631157,Ryan Rollins,MIL,56,14.6,6.2,1.9,1.9,0.6,68.3,2024-25
1628418,Thomas Bryant,IND,66,14.6,6.5,3.8,0.8,0.614,68.3,2024-25
1641774,Tristan Vukcevic,WAS,35,14.6,9.4,3.7,1.1,0.608,42.7,2024-25
1642024,Alex Reese,PHI,15,14.4,5.1,3.1,0.3,0.641,17.1,2024-25
1641796,Pelle Larsson,MIA,55,14.2,4.6,1.7,1.2,0.546,67.1,2024-25
1641763,Julian Phillips,CHI,79,14.2,4.6,2.1,0.5,0.571,96.3,2024-25
1631204,Marcus Sasser,DET,57,14.2,6.6,1.2,2.3,0.589,69.5,2024-25
1631311,Lester Quinones,NOP,13,14.1,6.6,1.5,1.8,0.514,,2024-25
1631221,Collin Gillespie,PHX,33,14.0,5.9,2.4,2.4,0.578,40.2,2024-25
1629674,Neemias Queta,BOS,62,13.9,5.0,3.8,0.7,0.674,75.6,2024-25
1631111,Wendell Moore Jr.,CHA,36,13.9,4.2,2.6,1.2,0.553,24.4,2024-25
1630243,Trevelin Queen,ORL,31,13.9,4.9,1.7,1.2,0.486,37.8,2024-25
1641989,Elijah Harkless,UTA,10,13.8,3.2,2.1,0.8,0.425,12.2,2024-25
203500,Steven Adams,HOU,58,13.7,3.9,5.6,1.1,0.541,70.7,2024-25
1631216,Caleb Houstan,ORL,58,13.6,4.1,1.3,0.6,0.605,70.7,2024-25
1629618,Jalen Pickett,DEN,49,13.6,4.1,1.4,2.2,0.545,59.8,2024-25
1631245,Quenton Jackson,IND,28,13.6,5.8,1.6,1.9,0.58,34.1,2024-25
1631288,Jamal Cain,NOP,37,13.6,5.3,2.3,0.6,0.544,45.1,2024-25
1630611,Gui Santos,GSW,56,13.6,4.1,3.1,1.4,0.575,68.3,2024-25
1631207,Dalen Terry,CHI,73,13.5,4.5,1.7,1.3,0.546,89.0,2024-25
1631209,Isaiah Wong,CHA,20,13.3,6.0,1.6,1.4,0.5,24.4,2024-25
1641732,Colby Jones,WAS,39,13.2,4.0,2.2,1.1,0.544,29.3,2024-25
203967,Dario Saric,DEN,16,13.1,3.5,3.1,1.4,0.449,,2024-25
1641740,Jaylen Clark,MIN,40,13.0,4.1,1.3,0.7,0.598,48.8,2024-25
1641736,Reece Beekman,BKN,36,13.0,2.6,1.1,1.8,0.4,41.5,2024-25
1628964,Mo Bamba,NOP,32,12.9,4.3,4.5,0.6,0.557,34.1,2024-25
1628988,Aaron Holiday,HOU,62,12.8,5.5,1.3,1.3,0.594,75.6,2024-25
1642368,N'Faly Dante,HOU,4,12.7,6.0,5.3,0.5,0.789,4.9,2024-25
1628420,Monte Morris,PHX,45,12.7,5.2,1.5,1.6,0.546,54.9,2024-25
1641772,Nae'Qwan Tomlin,CLE,5,12.7,7.2,4.2,0.4,0.489,6.1,2024-25
1642263,Reed Sheppard,HOU,52,12.6,4.4,1.5,1.4,0.465,63.4,2024-25
1629659,Talen Horton-Tucker,CHI,58,12.5,6.5,1.7,1.4,0.567,70.7,2024-25
1631133,Jabari Walker,POR,60,12.5,5.2,3.5,0.6,0.601,73.2,2024-25
1630550,JT Thor,WAS,20,12.5,3.6,2.4,0.3,0.517,13.4,2024-25
1629626,Bol Bol,PHX,36,12.5,6.8,2.9,0.6,0.627,43.9,2024-25
1631248,Baylor Scheierman,BOS,31,12.4,3.6,2.1,1.1,0.49,37.8,2024-25
1631223,David Roddy,HOU,33,12.4,4.6,2.5,1.1,0.561,32.9,2024-25
202704,Reggie Jackson,PHI,31,12.4,4.4,1.4,1.5,0.496,37.8,2024-25
1641723,Kobe Bufkin,ATL,10,12.4,5.3,2.1,1.7,0.483,12.2,2024-25
201145,Jeff Green,HOU,32,12.4,5.4,1.8,0.6,0.649,39.0,2024-25
201599,DeAndre Jordan,DEN,56,12.3,3.7,5.1,0.9,0.621,68.3,2024-25
1631123,Jamaree Bouyea,MIL,5,12.3,3.4,1.0,2.0,0.581,6.1,2024-25
1641727,Dariq Whitehead,BKN,20,12.3,5.7,1.5,0.6,0.58,24.4,2024-25
202709,Cory Joseph,ORL,50,12.2,3.5,1.5,1.4,0.547,61.0,2024-25
1629234,Drew Eubanks,LAC,61,12.2,4.6,3.7,0.9,0.622,45.1,2024-25
1629723,John Konchar,MEM,46,12.1,2.4,3.3,0.9,0.592,56.1,2024-25
1628470,Torrey Craig,BOS,26,12.1,4.2,2.8,0.7,0.567,20.7,2024-25
1631342,Daeqwon Plowden,ATL,6,11.9,7.2,1.8,0.3,0.831,7.3,2024-25
1629111,Jock Landale,HOU,42,11.9,4.8,3.3,0.9,0.59,51.2,2024-25
1630579,Jericho Sims,MIL,53,11.9,1.8,3.7,0.6,0.639,47.6,2024-25
1631104,Blake Wesley,SAS,58,11.8,3.7,1.1,2.0,0.51,70.7,2024-25
1630539,Kai Jones,DAL,40,11.7,5.0,3.1,0.6,0.804,34.1,2024-25
1641724,Jett Howard,ORL,60,11.7,4.5,1.2,0.7,0.491,73.2,2024-25
1641721,Maxwell Lewis,BKN,28,11.7,4.1,2.0,0.7,0.516,25.6,2024-25
1630643,Jay Huff,MEM,64,11.7,6.9,2.0,0.6,0.666,78.0,2024-25
1641936,Miles Norris,BOS,3,11.6,2.3,3.0,0.0,0.354,3.7,2024-25
1630283,Kylor Kelley,LAL,11,11.5,3.1,3.5,0.5,0.644,9.8,2024-25
203109,Jae Crowder,SAC,9,11.4,2.6,2.2,0.7,0.467,11.0,2024-25
1641757,Jordan Miller,LAC,37,11.4,4.1,1.6,0.9,0.509,45.1,2024-25
1630256,Jae'Sean Tate,HOU,52,11.3,3.6,2.3,0.9,0.557,63.4,2024-25
1641765,Olivier-Maxence Prosper,DAL,52,11.2,3.9,2.4,0.8,0.484,63.4,2024-25
1630572,Sandro Mamukelashvili,SAS,61,11.2,6.3,3.1,0.8,0.628,74.4,2024-25
201988,Patty Mills,LAC,29,11.1,3.8,0.8,0.9,0.543,20.7,2024-25
201959,Taj Gibson,CHA,37,11.1,2.9,3.2,0.6,0.515,45.1,2024-25
1642269,Devin Carter,SAC,36,11.0,3.8,2.1,1.1,0.471,43.9,2024-25
202693,Markieff Morris,LAL,15,11.0,3.7,1.5,1.4,0.385,9.8,2024-25
1631172,Ousmane Dieng,OKC,37,10.9,3.8,2.2,0.8,0.538,45.1,2024-25
201567,Kevin Love,MIA,23,10.9,5.3,4.1,1.0,0.488,28.0,2024-25
1630201,Malachi Flynn,SAS,4,10.9,4.0,1.8,1.8,0.512,4.9,2024-25
1630192,Zeke Nnaji,DEN,57,10.7,3.2,1.6,0.4,0.574,69.5,2024-25
1631230,Dominick Barlow,ATL,35,10.7,4.2,2.4,0.5,0.58,42.7,2024-25
1630545,Terrence Shannon Jr.,MIN,32,10.6,4.3,1.5,1.0,0.56,39.0,2024-25
1631250,Pete Nance,MIL,13,10.6,2.9,1.6,0.8,0.578,8.5,2024-25
1642265,Rob Dillingham,MIN,49,10.5,4.5,1.0,2.0,0.503,59.8,2024-25
1629646,Charles Bassey,SAS,36,10.4,4.4,4.2,0.5,0.597,43.9,2024-25
1628427,Vlatko Čančar,DEN,13,10.4,1.8,2.5,0.7,0.462,15.9,2024-25
1641998,Trey Jemison III,LAL,38,10.3,2.5,2.8,0.4,0.537,,2024-25
1641794,Dillon Jones,OKC,54,10.2,2.5,2.2,1.1,0.464,65.9,2024-25
1641871,Duop Reath,POR,46,10.2,4.2,2.0,0.6,0.552,56.1,2024-25
1642285,Cam Spencer,MEM,25,10.1,4.2,1.2,1.4,0.587,30.5,2024-25
1641854,Craig Porter Jr.,CLE,51,10.1,3.7,1.3,1.4,0.61,62.2,2024-25
203939,Dwight Powell,DAL,55,10.0,2.1,2.1,1.0,0.713,67.1,2024-25
