team_id,team_name,gp,w,l,w_pct,pts,reb,ast,stl,blk,tov,fg_pct,fg3_pct,ft_pct,plus_minus,off_rating,def_rating,net_rating,efg_pct,ts_pct,ast_pct,oreb_pct,dreb_pct,tov_pct,pace,pie,team,pct_pts,pct_reb,pct_ast,pct_stl,pct_blk,pct_fg_pct,pct_fg3_pct,pct_off_rating,pct_def_rating,pct_net_rating,pct_efg_pct,pct_ts_pct,pct_pace,pct_pie
1610612737,Atlanta Hawks,82,46,36,0.561,118.5,43.5,30.1,9.4,4.7,14.2,0.474,0.371,0.774,2.4,115.0,112.9,2.2,0.554,0.584,0.691,0.291,0.702,0.138,102.5,0.51,ATL,0.833,0.433,1.0,0.867,0.45,0.6,0.867,0.55,0.683,0.633,0.7,0.65,0.867,0.567
1610612738,Boston Celtics,82,56,26,0.683,114.9,46.4,24.6,7.1,5.0,12.4,0.467,0.367,0.807,7.7,120.0,111.7,8.3,0.553,0.583,0.585,0.336,0.71,0.129,95.58,0.536,BOS,0.4,0.933,0.1,0.1,0.633,0.467,0.767,0.967,0.867,0.9,0.667,0.583,0.033,0.9
1610612751,Brooklyn Nets,82,20,62,0.244,105.9,39.3,25.0,8.0,4.3,15.8,0.443,0.34,0.78,-10.0,108.2,118.2,-10.0,0.52,0.559,0.668,0.287,0.687,0.161,97.6,0.436,BKN,0.033,0.033,0.183,0.333,0.267,0.033,0.05,0.033,0.167,0.067,0.033,0.033,0.15,0.067
1610612766,Charlotte Hornets,82,44,38,0.537,116.0,46.1,26.3,7.0,4.5,15.4,0.46,0.378,0.818,4.8,118.4,113.5,4.9,0.552,0.589,0.643,0.358,0.722,0.157,97.6,0.516,CHA,0.6,0.867,0.533,0.067,0.35,0.2,0.933,0.867,0.617,0.767,0.633,0.717,0.15,0.683
1610612741,Chicago Bulls,82,31,51,0.378,116.3,45.0,28.5,7.6,5.0,15.3,0.469,0.356,0.776,-5.2,112.1,117.4,-5.3,0.547,0.58,0.672,0.279,0.708,0.148,103.22,0.48,CHI,0.65,0.733,0.8,0.267,0.633,0.567,0.417,0.2,0.267,0.267,0.567,0.483,0.933,0.317
1610612739,Cleveland Cavaliers,82,52,30,0.634,119.5,44.4,28.3,8.5,5.0,14.0,0.482,0.36,0.776,4.1,118.3,114.1,4.1,0.561,0.595,0.653,0.307,0.692,0.138,100.7,0.522,CLE,0.9,0.667,0.767,0.517,0.633,0.783,0.6,0.833,0.5,0.733,0.883,0.85,0.6,0.75
1610612742,Dallas Mavericks,82,26,56,0.317,114.1,44.7,25.3,7.5,5.2,14.5,0.466,0.344,0.755,-5.5,110.3,115.5,-5.2,0.527,0.564,0.604,0.279,0.702,0.141,102.63,0.477,DAL,0.267,0.7,0.3,0.217,0.717,0.383,0.167,0.133,0.35,0.3,0.117,0.1,0.9,0.267
1610612743,Denver Nuggets,82,54,28,0.659,122.1,44.0,29.0,6.8,4.0,12.9,0.496,0.396,0.808,5.1,121.2,116.0,5.2,0.577,0.616,0.665,0.286,0.717,0.128,99.49,0.529,DEN,1.0,0.567,0.883,0.033,0.117,0.967,1.0,1.0,0.3,0.8,1.0,1.0,0.367,0.8
1610612765,Detroit Pistons,82,60,22,0.732,117.8,45.6,27.8,10.4,6.4,15.1,0.485,0.356,0.763,8.2,117.3,108.9,8.4,0.546,0.583,0.641,0.354,0.689,0.151,99.88,0.552,DET,0.767,0.783,0.683,1.0,1.0,0.933,0.417,0.733,0.933,0.95,0.517,0.583,0.4,0.967
1610612744,Golden State Warriors,82,37,45,0.451,114.6,42.3,28.9,9.7,4.2,15.7,0.461,0.356,0.807,-0.6,113.8,114.4,-0.5,0.549,0.584,0.706,0.302,0.684,0.156,100.05,0.495,GSW,0.317,0.317,0.833,0.95,0.183,0.233,0.417,0.4,0.45,0.367,0.6,0.65,0.433,0.417
1610612745,Houston Rockets,82,52,30,0.634,115.2,48.1,25.4,8.5,5.8,15.4,0.479,0.364,0.763,5.2,117.5,112.1,5.4,0.542,0.576,0.591,0.388,0.701,0.157,96.98,0.533,HOU,0.433,1.0,0.333,0.517,0.95,0.7,0.7,0.767,0.817,0.833,0.45,0.417,0.067,0.85
1610612754,Indiana Pacers,82,19,63,0.232,112.4,41.9,27.7,7.4,4.6,14.5,0.458,0.356,0.776,-8.0,110.1,117.9,-7.8,0.533,0.568,0.678,0.263,0.695,0.142,101.78,0.465,IND,0.133,0.183,0.633,0.15,0.4,0.167,0.417,0.1,0.2,0.167,0.25,0.2,0.8,0.2
1610612746,LA Clippers,82,42,40,0.512,113.8,40.6,23.7,9.0,4.9,14.3,0.484,0.368,0.823,1.1,116.3,115.2,1.1,0.559,0.602,0.586,0.284,0.681,0.147,97.29,0.508,LAC,0.233,0.067,0.033,0.8,0.567,0.883,0.8,0.667,0.4,0.5,0.8,0.933,0.1,0.533
1610612747,Los Angeles Lakers,82,53,29,0.646,116.3,41.0,25.9,8.5,4.3,14.5,0.502,0.359,0.763,1.8,117.0,115.5,1.5,0.573,0.609,0.615,0.285,0.7,0.146,99.22,0.513,LAL,0.65,0.133,0.467,0.517,0.267,1.0,0.533,0.7,0.35,0.567,0.967,0.967,0.317,0.6
1610612763,Memphis Grizzlies,82,25,57,0.305,114.7,42.1,27.8,8.8,4.8,15.1,0.456,0.353,0.793,-6.0,112.4,118.4,-6.0,0.533,0.57,0.673,0.301,0.663,0.148,101.69,0.47,MEM,0.367,0.25,0.683,0.683,0.517,0.133,0.3,0.267,0.1,0.233,0.25,0.283,0.767,0.233
1610612748,Miami Heat,82,43,39,0.524,120.9,46.3,29.0,8.6,4.3,13.7,0.468,0.361,0.792,2.3,115.8,113.6,2.1,0.542,0.58,0.663,0.296,0.703,0.131,104.23,0.514,MIA,0.967,0.9,0.883,0.6,0.267,0.533,0.65,0.633,0.55,0.6,0.45,0.483,1.0,0.633
1610612749,Milwaukee Bucks,82,32,50,0.39,110.6,40.7,25.8,7.4,4.0,15.2,0.477,0.387,0.73,-6.2,112.2,118.3,-6.1,0.565,0.589,0.633,0.263,0.695,0.154,98.33,0.464,MIL,0.067,0.1,0.417,0.15,0.117,0.633,0.967,0.233,0.133,0.2,0.933,0.717,0.267,0.15
1610612750,Minnesota Timberwolves,82,49,33,0.598,118.0,44.1,26.1,8.7,5.8,14.8,0.481,0.37,0.752,3.4,115.6,112.5,3.1,0.559,0.592,0.612,0.302,0.691,0.145,101.5,0.516,MIN,0.8,0.617,0.5,0.633,0.95,0.733,0.833,0.6,0.733,0.7,0.8,0.8,0.7,0.683
1610612740,New Orleans Pelicans,82,26,56,0.317,115.5,43.9,25.1,8.9,5.2,14.2,0.466,0.347,0.784,-4.5,113.3,117.6,-4.4,0.527,0.568,0.596,0.311,0.674,0.139,101.37,0.48,NOP,0.483,0.533,0.25,0.75,0.717,0.383,0.233,0.367,0.233,0.333,0.117,0.2,0.667,0.317
1610612752,New York Knicks,82,53,29,0.646,116.5,45.6,27.4,8.1,3.9,13.6,0.478,0.373,0.792,6.3,118.7,112.3,6.4,0.557,0.59,0.643,0.328,0.715,0.139,97.71,0.533,NYK,0.7,0.783,0.6,0.4,0.067,0.667,0.9,0.917,0.767,0.867,0.733,0.767,0.2,0.85
1610612760,Oklahoma City Thunder,82,64,18,0.78,119.0,44.1,25.8,9.7,5.5,12.6,0.484,0.365,0.817,11.1,117.6,106.5,11.1,0.561,0.599,0.598,0.264,0.697,0.124,100.37,0.562,OKC,0.867,0.617,0.417,0.95,0.817,0.883,0.733,0.8,0.967,1.0,0.883,0.9,0.5,1.0
1610612753,Orlando Magic,82,45,37,0.549,115.7,43.4,26.5,8.5,4.7,14.2,0.464,0.343,0.801,0.6,114.2,113.6,0.6,0.531,0.576,0.647,0.306,0.71,0.14,100.56,0.505,ORL,0.533,0.4,0.567,0.517,0.45,0.333,0.117,0.45,0.55,0.467,0.2,0.417,0.567,0.5
1610612755,Philadelphia 76ers,82,45,37,0.549,115.9,43.6,24.6,9.1,5.7,13.6,0.462,0.349,0.809,-0.2,114.3,114.4,-0.1,0.53,0.572,0.589,0.306,0.678,0.134,100.4,0.497,PHI,0.567,0.467,0.1,0.833,0.9,0.267,0.267,0.5,0.45,0.433,0.167,0.333,0.533,0.467
1610612756,Phoenix Suns,82,45,37,0.549,112.6,43.1,24.6,9.5,4.2,14.5,0.455,0.361,0.781,1.5,114.2,112.9,1.4,0.537,0.568,0.601,0.331,0.677,0.147,98.14,0.495,PHX,0.167,0.367,0.1,0.9,0.183,0.1,0.65,0.45,0.683,0.533,0.4,0.2,0.233,0.417
1610612757,Portland Trail Blazers,82,42,40,0.512,115.5,46.0,25.1,8.3,5.5,17.3,0.453,0.343,0.765,-0.3,113.1,113.5,-0.4,0.534,0.57,0.616,0.354,0.688,0.169,101.63,0.488,POR,0.483,0.833,0.25,0.433,0.817,0.067,0.117,0.333,0.617,0.4,0.3,0.283,0.733,0.367
1610612758,Sacramento Kings,82,22,60,0.268,111.0,42.3,25.5,8.0,4.5,14.3,0.467,0.34,0.772,-10.0,110.6,120.3,-9.7,0.525,0.56,0.615,0.298,0.685,0.143,100.12,0.455,SAC,0.1,0.317,0.367,0.333,0.35,0.467,0.05,0.167,0.067,0.1,0.067,0.067,0.467,0.1
1610612759,San Antonio Spurs,82,62,20,0.756,119.8,47.0,28.1,7.5,5.5,13.5,0.483,0.359,0.787,8.3,118.7,110.4,8.4,0.559,0.595,0.646,0.306,0.724,0.133,100.72,0.542,SAS,0.933,0.967,0.733,0.217,0.817,0.833,0.533,0.917,0.9,0.95,0.8,0.85,0.633,0.933
1610612761,Toronto Raptors,82,46,36,0.561,114.6,42.1,29.5,8.8,4.8,13.7,0.482,0.354,0.769,2.8,115.0,112.1,2.9,0.546,0.581,0.692,0.3,0.693,0.137,99.22,0.522,TOR,0.317,0.25,0.933,0.683,0.517,0.783,0.333,0.55,0.817,0.667,0.517,0.533,0.317,0.75
1610612762,Utah Jazz,82,22,60,0.268,117.6,43.8,29.6,8.9,3.8,15.5,0.467,0.345,0.786,-8.4,112.7,120.8,-8.2,0.536,0.575,0.696,0.298,0.693,0.149,103.54,0.464,UTA,0.733,0.5,0.967,0.75,0.033,0.467,0.2,0.3,0.033,0.133,0.367,0.367,0.967,0.15
1610612764,Washington Wizards,82,17,65,0.207,112.9,41.9,25.0,8.0,5.5,15.7,0.463,0.359,0.766,-12.0,109.7,121.5,-11.8,0.535,0.566,0.599,0.285,0.664,0.152,102.49,0.433,WAS,0.2,0.183,0.183,0.333,0.817,0.3,0.533,0.067,0.0,0.033,0.333,0.133,0.833,0.033
